sku,color,size,quantity,category,design_number,lot_number,lot_code
NK0172,,,1,FINISHED GOODS,NK0172,,
SF1767,,,17,FINISHED GOODS,SF1767,,
SF1807,,,1,FINISHED GOODS,SF1807,,
SF1813,,,1,FINISHED GOODS,SF1813,,
SF1819,,,1,FINISHED GOODS,SF1819,,
SF1821,,,1,FINISHED GOODS,SF1821,,
GS0164-02028-L,MUSTARD,L,1,FINISHED INDO-WESTERN,GS0164,095,02028
GS0164-02028-M,MUSTARD,M,1,FINISHED INDO-WESTERN,GS0164,095,02028
GS0164-02028-42,NAVY BLUE,42,12,FINISHED INDO-WESTERN,GS0164,095,02028
GS0164-02028-M,NAVY BLUE,M,4,FINISHED INDO-WESTERN,GS0164,095,02028
NK0035-02043-42,PURPLE,42,1,FINISHED INDO-WESTERN,NK0035,651,02043
NS0058-00642-42,MUSTARD,42,1,FINISHED INDO-WESTERN,NS0058,,
00738,,,1,FINISHED INDO-WESTERN,NS0058,,
00742,,,1,FINISHED INDO-WESTERN,NS0058,,
NS0058-10006-38,MOVE,38,1,FINISHED INDO-WESTERN,NS0058,X06,10006
NS0058-10006-42,MOVE,42,1,FINISHED INDO-WESTERN,NS0058,X06,10006
NS0066-17005-46,GREEN,46,1,FINISHED INDO-WESTERN,NS0066,995,17005
NS0066-16009-38,ONION,38,1,FINISHED INDO-WESTERN,NS0066,295,16009
NS0070-11010-38,MAROON,38,1,FINISHED INDO-WESTERN,NS0070,889,11010
NS0070-11010-40,MAROON,40,1,FINISHED INDO-WESTERN,NS0070,889,11010
NS0070-09041-40,MAROON,40,1,FINISHED INDO-WESTERN,NS0070,941,09041
NS0070-11010-44,MAROON,44,2,FINISHED INDO-WESTERN,NS0070,889,11010
NS0070-13010-46,MAROON,46,2,FINISHED INDO-WESTERN,NS0070,521,13010
NS0115-01738-38,BEIGE,38,1,FINISHED INDO-WESTERN,NS0115,,
NS0176-02021-M,MUSTARD,M,1,FINISHED INDO-WESTERN,NS0176,021,02021
NS0180-08021-40,WHITE,40,1,FINISHED INDO-WESTERN,NS0180,OFF,08021
NS0180-08021-42,WHITE,42,1,FINISHED INDO-WESTERN,NS0180,OFF,08021
NS0180-08021-44,WHITE,44,1,FINISHED INDO-WESTERN,NS0180,OFF,08021
NS0195-01017-38,GREEN,38,1,FINISHED INDO-WESTERN,NS0195,017,01017
NS0195-01017-42,GREEN,42,1,FINISHED INDO-WESTERN,NS0195,017,01017
NS0195-01017-M,ONION,M,1,FINISHED INDO-WESTERN,NS0195,017,01017
NS0225-01001-38,RANI,38,1,FINISHED INDO-WESTERN,NS0225,101,01001
NS0226-01001-M,RANI,M,1,FINISHED INDO-WESTERN,NS0226,101,01001
S00343-007XL-XL,GREEN,XL,1,FINISHED INDO-WESTERN,S00343,,
S00644-003L-L,RED,L,1,FINISHED INDO-WESTERN,S00644,,
MIXFREE,,,45,FINISHED INDO-WESTERN,SAMPLE,,
SF306A-019L-L,GREY,L,1,FINISHED INDO-WESTERN,SF306A,,
SF766A-007L-L,GREEN,L,4,FINISHED INDO-WESTERN,SF766A,,
SF766A-007XL-XL,GREEN,XL,5,FINISHED INDO-WESTERN,SF766A,,
SFMS06,,,2,FINISHED INDO-WESTERN,SF766A,,
SF766A-007M-M,GREEN,M,1,FINISHED INDO-WESTERN,SF766A,,
AS0001-01016-L,T.BLUE,L,1,6211 SUIT,AS0001,116,01016
GS0153-04022-38,WHITE,38,2,6211 SUIT,GS0153,OFF,04022
GS0153-04022-40,WHITE,40,1,6211 SUIT,GS0153,OFF,04022
GS0153-04022-42,WHITE,42,1,6211 SUIT,GS0153,OFF,04022
GS0185-07020-42,RANI,42,1,6211 SUIT,GS0185,720,07020
GS0188-01001-42,WHITE,42,1,6211 SUIT,GS0188,OFF,01001
GS0198-06012-38,BLACK,38,1,6211 SUIT,GS0198,561,06012
GS0198-04013-42,GREY,42,1,6211 SUIT,GS0198,514,04013
GS0201-01001-42,BLACK,42,1,6211 SUIT,GS0201,101,01001
GS0202-04080-38,BLACK,38,1,6211 SUIT,GS0202,987,04080
GS0206-01001-42,BLACK,42,1,6211 SUIT,GS0206,101,01001
GS0212-01001-42,MUSTARD,42,1,6211 SUIT,GS0212,101,01001
KD0001-019L-L,GREY,L,1,6211 SUIT,KD0001,,
LB0002-03238-38,RUST,38,1,6211 SUIT,LB0002,,
LB0007-02021-XXL,LEMON,XXL,1,6211 SUIT,LB0007,021,02021
LB0016-02015-M,BLUE,M,1,6211 SUIT,LB0016,520,02015
LB0019-02012-M,LEMON,M,1,6211 SUIT,LB0019,022,02012
LP0002-T.BF-F,T.BLUE,F,1,6211 SUIT,LP0002,,
MM0005-01015-L,BLUE,L,1,6211 SUIT,MM0005,515,01015
MS0017-04-M,MOVE,M,1,6211 SUIT,MS0017,,
NK0005-09040-42,MOVE,42,4,6211 SUIT,NK0005,798,09040
NK0005-09040-46,MOVE,46,4,6211 SUIT,NK0005,798,09040
NK0005-09040-38,T.BLUE,38,4,6211 SUIT,NK0005,798,09040
NK0005-09040-42,T.BLUE,42,6,6211 SUIT,NK0005,798,09040
NK0005-09040-46,T.BLUE,46,4,6211 SUIT,NK0005,798,09040
NK0008-01001-38,PEACH,38,1,6211 SUIT,NK0008,101,01001
NK0011-04072-38,BLACK,38,5,6211 SUIT,NK0011,878,04072
NK0011-04072-40,BLACK,40,1,6211 SUIT,NK0011,878,04072
NK0011-03040-42,BLACK,42,1,6211 SUIT,NK0011,340,03040
NK0011-04072-42,BLACK,42,2,6211 SUIT,NK0011,878,04072
NK0011-04072-46,BLACK,46,3,6211 SUIT,NK0011,878,04072
NK0023-03075-40,GREY,40,1,6211 SUIT,NK0023,030,03075
NK0031-00446-46,PURPLE,46,1,6211 SUIT,NK0031,,
NK0036-01001-42,PURPLE,42,1,6211 SUIT,NK0036,101,01001
NK0037-02056-46,WHITE,46,1,6211 SUIT,NK0037,OFF,02056
NK0044-01001-42,MOVE,42,1,6211 SUIT,NK0044,101,01001
NK0046-03074-42,MOVE,42,1,6211 SUIT,NK0046,374,03074
NK0047-02036-42,MOVE,42,1,6211 SUIT,NK0047,236,02036
NK0052-01001-42,ONION,42,1,6211 SUIT,NK0052,101,01001
NK0053-02050-46,GREEN,46,1,6211 SUIT,NK0053,250,02050
NK005U,,,1,6211 SUIT,NK0053,,
"NK0053-SIZE,04040-FREE",T.BLUE,FREE,1,6211 SUIT,NK0053,,"SIZE,04040"
NK0061-03045-46,MOVE,46,1,6211 SUIT,NK0061,345,03045
NK0061-03045-38,F.BLUE,38,1,6211 SUIT,NK0061,345,03045
NK0061-03045-46,F.BLUE,46,1,6211 SUIT,NK0061,345,03045
NK0061-03045-46,LEMON,46,1,6211 SUIT,NK0061,345,03045
NK0062-04030-42,BLACK,42,1,6211 SUIT,NK0062,4,04030
NK0067-03025-42,BLACK,42,1,6211 SUIT,NK0067,325,03025
NK0067-00244-44,BLUE,44,1,6211 SUIT,NK0067,,
NK0071-04060-38,BLACK,38,1,6211 SUIT,NK0071,460,04060
NK0071-04060-40,BLACK,40,1,6211 SUIT,NK0071,460,04060
NK0071-06020-40,BLUE,40,1,6211 SUIT,NK0071,620,06020
NK0071-06020-42,BLUE,42,1,6211 SUIT,NK0071,620,06020
NK0071-06020-44,BLUE,44,2,6211 SUIT,NK0071,620,06020
NK0071-06020-38,WINE,38,1,6211 SUIT,NK0071,620,06020
NK0071-06020-40,WINE,40,1,6211 SUIT,NK0071,620,06020
NK0071-05030-42,WINE,42,1,6211 SUIT,NK0071,530,05030
NK0071-04060-46,WINE,46,1,6211 SUIT,NK0071,460,04060
NK0078-02020-44,ORANGE,44,1,6211 SUIT,NK0078,02,02020
NK0079-03060-46,ORANGE,46,1,6211 SUIT,NK0079,360,03060
NK0086-02001-42,MUSTARD,42,1,6211 SUIT,NK0086,201,02001
01138,,,1,6211 SUIT,NK0096,,
01144,,,1,6211 SUIT,NK0096,,
NK0100-06024-38,PURPLE,38,4,6211 SUIT,NK0100,624,06024
NK0100-06024-42,PURPLE,42,1,6211 SUIT,NK0100,624,06024
NK0100-05024-44,PURPLE,44,2,6211 SUIT,NK0100,086,05024
NK0100-03018-38,RUST,38,1,6211 SUIT,NK0100,318,03018
NK0105-04015-38,PURPLE,38,1,6211 SUIT,NK0105,655,04015
NK0107-06040-38,BLUE,38,1,6211 SUIT,NK0107,604,06040
NK0107-06040-40,BLUE,40,1,6211 SUIT,NK0107,604,06040
NK0107-06040-38,MUSTARD,38,2,6211 SUIT,NK0107,604,06040
NK0107-06040-40,MUSTARD,40,3,6211 SUIT,NK0107,604,06040
00642,,,1,6211 SUIT,NK0107,,
NK0107-06040-42,MUSTARD,42,2,6211 SUIT,NK0107,604,06040
NK0107-06040-44,MUSTARD,44,1,6211 SUIT,NK0107,604,06040
NK0109-05020-46,BLUE,46,1,6211 SUIT,NK0109,578,05020
NK0109-05020-42,WHITE,42,1,6211 SUIT,NK0109,OFF,05020
NK0109-05020-46,WHITE,46,1,6211 SUIT,NK0109,OFF,05020
NK0110-05030-38,BLUE,38,1,6211 SUIT,NK0110,530,05030
NK0110-05030-38,RANI,38,2,6211 SUIT,NK0110,530,05030
NK0110-01030-46,RANI,46,1,6211 SUIT,NK0110,013,01030
NK0111-01045-38,MOVE,38,1,6211 SUIT,NK0111,145,01045
NK0111-01045-40,MOVE,40,2,6211 SUIT,NK0111,145,01045
NK0111-01045-42,MOVE,42,1,6211 SUIT,NK0111,145,01045
NK0111-01045-44,MOVE,44,1,6211 SUIT,NK0111,145,01045
NK0111-01045-46,MOVE,46,1,6211 SUIT,NK0111,145,01045
NK0111-01045-40,F.BLUE,40,1,6211 SUIT,NK0111,145,01045
NK0111-01045-42,F.BLUE,42,4,6211 SUIT,NK0111,145,01045
NK0111-01045-44,F.BLUE,44,2,6211 SUIT,NK0111,145,01045
NK0111-01045-46,F.BLUE,46,1,6211 SUIT,NK0111,145,01045
NK0111-01045-38,LEMON,38,1,6211 SUIT,NK0111,145,01045
NK0111-01045-40,LEMON,40,1,6211 SUIT,NK0111,145,01045
NK0116-01063-40,BLACK,40,1,6211 SUIT,NK0116,546,01063
NK0116-04060-38,RANI,38,2,6211 SUIT,NK0116,460,04060
NK0116-01063-46,RANI,46,1,6211 SUIT,NK0116,546,01063
NK0122-03030-40,ONION,40,1,6211 SUIT,NK0122,033,03030
NK0122-03030-38,WHITE,38,2,6211 SUIT,NK0122,OFF,03030
NK0122-01020-40,WHITE,40,1,6211 SUIT,NK0122,OFF,01020
NK0122-03030-40,WHITE,40,1,6211 SUIT,NK0122,OFF,03030
NK0122-03030-42,WHITE,42,2,6211 SUIT,NK0122,OFF,03030
NK0122-03030-46,WHITE,46,3,6211 SUIT,NK0122,OFF,03030
NK0123-05045-42,PURPLE,42,1,6211 SUIT,NK0123,550,05045
NK0123-05045-38,RANI,38,1,6211 SUIT,NK0123,550,05045
NK0123-05045-40,RANI,40,1,6211 SUIT,NK0123,550,05045
NK0123-05045-42,RANI,42,1,6211 SUIT,NK0123,550,05045
NK0123-05045-38,WHITE,38,1,6211 SUIT,NK0123,OFF,05045
NK0123-05045-42,WHITE,42,2,6211 SUIT,NK0123,OFF,05045
NK0123-05045-44,WHITE,44,3,6211 SUIT,NK0123,OFF,05045
NK0126-00738-38,GREEN,38,1,6211 SUIT,NK0126,,
NK0126-04030-38,WHITE,38,1,6211 SUIT,NK0126,OFF,04030
NK0127-03030-38,MUSTARD,38,1,6211 SUIT,NK0127,033,03030
NK0127-04040-38,MUSTARD,38,1,6211 SUIT,NK0127,044,04040
NK0127-06060-40,WHITE,40,1,6211 SUIT,NK0127,OFF,06060
NK0127-06060-44,WHITE,44,1,6211 SUIT,NK0127,OFF,06060
NK0136-07057-40,GREEN,40,2,6211 SUIT,NK0136,770,07057
NK0136-07057-46,GREEN,46,1,6211 SUIT,NK0136,770,07057
NK0136-07057-38,WHITE,38,1,6211 SUIT,NK0136,OFF,07057
NK0136-07057-40,WHITE,40,1,6211 SUIT,NK0136,OFF,07057
NK0136-07057-42,WHITE,42,5,6211 SUIT,NK0136,OFF,07057
NK0136-07057-44,WHITE,44,1,6211 SUIT,NK0136,OFF,07057
NK0136-07057-46,WHITE,46,4,6211 SUIT,NK0136,OFF,07057
NK0136-07057-50,WHITE,50,1,6211 SUIT,NK0136,OFF,07057
03338,,,1,6211 SUIT,NK0136,,
NK0136-04-46,MOVE,46,2,6211 SUIT,NK0136,,
NK0136-07057-46,MOVE,46,2,6211 SUIT,NK0136,770,07057
NK0136-07057-50,MOVE,50,1,6211 SUIT,NK0136,770,07057
NK0139-03030-38,PURPLE,38,1,6211 SUIT,NK0139,033,03030
NK0139-03030-38,GAJRI,38,2,6211 SUIT,NK0139,033,03030
NK0142-02003-42,GAJRI,42,1,6211 SUIT,NK0142,203,02003
NK0150-03030-38,BLUE,38,1,6211 SUIT,NK0150,033,03030
NK0150-03030-40,PURPLE,40,1,6211 SUIT,NK0150,033,03030
NK0150-03030-44,PURPLE,44,1,6211 SUIT,NK0150,033,03030
NK0150-03030-42,RANI,42,1,6211 SUIT,NK0150,033,03030
NK0153-00438-38,PURPLE,38,1,6211 SUIT,NK0153,,
NK0153-01003-42,ONION,42,1,6211 SUIT,NK0153,103,01003
NK0156-01001-42,ONION,42,1,6211 SUIT,NK0156,101,01001
NK0157-01001-38,PURPLE,38,1,6211 SUIT,NK0157,101,01001
NK0158-01003-38,BLUE,38,1,6211 SUIT,NK0158,103,01003
NK0158-01003-38,MUSTARD,38,1,6211 SUIT,NK0158,103,01003
NK0159-01004-38,MUSTARD,38,1,6211 SUIT,NK0159,104,01004
NK0159-01004-38,GREEN,38,1,6211 SUIT,NK0159,104,01004
NK0159-01004-38,BEIGE,38,1,6211 SUIT,NK0159,104,01004
NK0159-01004-38,PEACH,38,1,6211 SUIT,NK0159,104,01004
00638,,,1,6211 SUIT,NK0160,,
00640,,,1,6211 SUIT,NK0160,,
NK0161-01001-38,PEACH,38,1,6211 SUIT,NK0161,101,01001
01040,,,7,6211 SUIT,NK0162,,
01042,,,7,6211 SUIT,NK0162,,
01044,,,7,6211 SUIT,NK0162,,
01940,,,3,6211 SUIT,NK0162,,
01942,,,3,6211 SUIT,NK0162,,
01944,,,4,6211 SUIT,NK0162,,
LMN40,,,3,6211 SUIT,NK0162,,
LMN42,,,2,6211 SUIT,NK0162,,
LMN44,,,3,6211 SUIT,NK0162,,
NK0163-01001-38,PURPLE,38,1,6211 SUIT,NK0163,101,01001
NK0165-01001-40,WHITE,40,1,6211 SUIT,NK0165,OFF,01001
NK0166-01001-42,GAJRI,42,1,6211 SUIT,NK0166,101,01001
NK0167-01001-42,BLUE,42,1,6211 SUIT,NK0167,101,01001
NK0168-02040-38,GREY,38,4,6211 SUIT,NK0168,024,02040
NK0168-02040-40,GREY,40,2,6211 SUIT,NK0168,024,02040
NK0168-02040-42,GREY,42,6,6211 SUIT,NK0168,024,02040
NK0168-01001-42,GREY,42,1,6211 SUIT,NK0168,101,01001
NK0168-03001-42,GREY,42,1,6211 SUIT,NK0168,301,03001
NK0168-02040-44,GREY,44,2,6211 SUIT,NK0168,024,02040
NK0168-02040-46,GREY,46,5,6211 SUIT,NK0168,024,02040
NK0168-02040-38,CHIKU,38,3,6211 SUIT,NK0168,024,02040
NK0168-02040-40,CHIKU,40,2,6211 SUIT,NK0168,024,02040
NK0168-02040-42,CHIKU,42,5,6211 SUIT,NK0168,024,02040
NK0168-02040-44,CHIKU,44,2,6211 SUIT,NK0168,024,02040
NK0168-02040-46,CHIKU,46,4,6211 SUIT,NK0168,024,02040
NK0169-02040-38,YELLOW,38,5,6211 SUIT,NK0169,024,02040
NK0169-02040-42,YELLOW,42,7,6211 SUIT,NK0169,024,02040
NK0169-02040-46,YELLOW,46,5,6211 SUIT,NK0169,024,02040
NK0169-02040-38,PEACH,38,5,6211 SUIT,NK0169,024,02040
NK0169-02040-42,PEACH,42,9,6211 SUIT,NK0169,024,02040
NK0169-02040-46,PEACH,46,3,6211 SUIT,NK0169,024,02040
NK0170-01001-42,MUSTARD,42,1,6211 SUIT,NK0170,101,01001
NK0175-02038-38,WHITE,38,1,6211 SUIT,NK0175,,
NK0177-00442-42,PURPLE,42,1,6211 SUIT,NK0177,,
NK0178-03034-38,WINE,38,5,6211 SUIT,NK0178,334,03034
NK0178-03031-42,WINE,42,8,6211 SUIT,NK0178,313,03031
NK0178-03031-46,WINE,46,2,6211 SUIT,NK0178,313,03031
NK0178-01001-40,RUST,40,1,6211 SUIT,NK0178,101,01001
NK0179-01001-42,ONION,42,1,6211 SUIT,NK0179,101,01001
NK0179-02043-38,GREY,38,3,6211 SUIT,NK0179,651,02043
NK0179-02043-40,GREY,40,4,6211 SUIT,NK0179,651,02043
NK0179-02043-42,GREY,42,4,6211 SUIT,NK0179,651,02043
NK0179-02043-44,GREY,44,3,6211 SUIT,NK0179,651,02043
NK0179-02043-38,PEACH,38,1,6211 SUIT,NK0179,651,02043
NK0179-02043-40,PEACH,40,3,6211 SUIT,NK0179,651,02043
NK0179-02043-42,PEACH,42,2,6211 SUIT,NK0179,651,02043
NK0179-02043-44,PEACH,44,2,6211 SUIT,NK0179,651,02043
NK0179-02043-38,LEMON,38,1,6211 SUIT,NK0179,651,02043
NK0179-02043-40,LEMON,40,2,6211 SUIT,NK0179,651,02043
NK0179-02043-42,LEMON,42,2,6211 SUIT,NK0179,651,02043
NK0179-02043-44,LEMON,44,1,6211 SUIT,NK0179,651,02043
NK0181-01001-42,WINE,42,1,6211 SUIT,NK0181,101,01001
NK0182-02010-42,NAVY BLUE,42,1,6211 SUIT,NK0182,005,02010
NK0183-01001-42,LEMON,42,1,6211 SUIT,NK0183,101,01001
NK0188-01001-42,WHITE,42,1,6211 SUIT,NK0188,OFF,01001
NK0189-02012-42,MOVE,42,1,6211 SUIT,NK0189,022,02012
NK018A-02045-38,RANI,38,1,6211 SUIT,NK018A,245,02045
NK0190-01001-42,ONION,42,1,6211 SUIT,NK0190,101,01001
NK0193-01001-42,MOVE,42,1,6211 SUIT,NK0193,101,01001
NK0200-01001-42,GOLD,42,1,6211 SUIT,NK0200,ROSE,01001
NK0201-01001-42,PEACH,42,1,6211 SUIT,NK0201,101,01001
NK0203-01001-42,WINE,42,1,6211 SUIT,NK0203,101,01001
NK127A-00740-40,GREEN,40,1,6211 SUIT,NK127A,,
NK127A-00742-42,GREEN,42,1,6211 SUIT,NK127A,,
NK127B-08024-42,BLUE,42,2,6211 SUIT,NK127B,528,08024
NK127B-08024-46,BLUE,46,2,6211 SUIT,NK127B,528,08024
NK127B-01042-42,ONION,42,1,6211 SUIT,NK127B,,
NK127B-08024-38,RANI,38,1,6211 SUIT,NK127B,528,08024
NK127B-08024-42,RANI,42,2,6211 SUIT,NK127B,528,08024
NK127B-08024-46,RANI,46,5,6211 SUIT,NK127B,528,08024
NK127B-07045-40,WHITE,40,1,6211 SUIT,NK127B,OFF,07045
NK127B-07045-42,WHITE,42,1,6211 SUIT,NK127B,OFF,07045
NK150A-05060-42,BLUE,42,1,6211 SUIT,NK150A,560,05060
NK150A-05060-44,BLUE,44,1,6211 SUIT,NK150A,560,05060
NK150A-05060-46,BLUE,46,2,6211 SUIT,NK150A,560,05060
NS0217-01001-L,MUSTARD,L,1,6211 SUIT,NS0217,101,01001
RS0001-00438-38,PURPLE,38,1,6211 SUIT,RS0001,,
00646,,,1,6211 SUIT,RS0002,,
RS0003-01001-40,PEACH,40,1,6211 SUIT,RS0003,101,01001
RS0003-02015-40,ORANGE,40,1,6211 SUIT,RS0003,520,02015
RS0003-02015-42,ORANGE,42,2,6211 SUIT,RS0003,520,02015
RS0003-02015-44,ORANGE,44,3,6211 SUIT,RS0003,520,02015
RS0008-04023-38,ONION,38,2,6211 SUIT,RS0008,423,04023
01038,,,1,6211 SUIT,RS0008,,
RS0008-04023-40,ONION,40,3,6211 SUIT,RS0008,423,04023
01042,,,6,6211 SUIT,RS0008,,
01044,,,5,6211 SUIT,RS0008,,
RS0008-04023-38,RANI,38,2,6211 SUIT,RS0008,423,04023
RS0008-04023-40,RANI,40,3,6211 SUIT,RS0008,423,04023
01142,,,4,6211 SUIT,RS0008,,
01144,,,4,6211 SUIT,RS0008,,
RS0009-02030-38,BROWN,38,1,6211 SUIT,RS0009,230,02030
RS0010-02030-40,PURPLE,40,1,6211 SUIT,RS0010,230,02030
RS0010-02030-44,PURPLE,44,1,6211 SUIT,RS0010,230,02030
RS0011-02027-40,PURPLE,40,1,6211 SUIT,RS0011,227,02027
RS0011-00444-44,PURPLE,44,1,6211 SUIT,RS0011,,
RS0011-01140-40,RANI,40,1,6211 SUIT,RS0011,,
RS0011-02027-40,RANI,40,1,6211 SUIT,RS0011,227,02027
RS0011-01144-44,RANI,44,1,6211 SUIT,RS0011,,
RS0011-02-44,NAVY BLUE,44,1,6211 SUIT,RS0011,,
RS0012-02012-42,MUSTARD,42,1,6211 SUIT,RS0012,022,02012
RS0012-02012-42,GREEN,42,1,6211 SUIT,RS0012,022,02012
RS0013-03035-38,PINK,38,1,6211 SUIT,RS0013,335,03035
RS0013-05040-38,PINK,38,6,6211 SUIT,RS0013,540,05040
RS0013-03035-40,PINK,40,1,6211 SUIT,RS0013,335,03035
RS0013-05040-40,PINK,40,6,6211 SUIT,RS0013,540,05040
RS0013-05040-42,PINK,42,6,6211 SUIT,RS0013,540,05040
RS0013-04015-42,PINK,42,1,6211 SUIT,RS0013,655,04015
RS0013-05040-44,PINK,44,6,6211 SUIT,RS0013,540,05040
RS0013-03035-38,BEIGE,38,3,6211 SUIT,RS0013,335,03035
RS0013-03035-40,BEIGE,40,1,6211 SUIT,RS0013,335,03035
RS0013-03035-42,BEIGE,42,1,6211 SUIT,RS0013,335,03035
RS0013-03035-44,BEIGE,44,2,6211 SUIT,RS0013,335,03035
RS0013-05040-38,WHITE,38,3,6211 SUIT,RS0013,OFF,05040
RS0013-05040-40,WHITE,40,2,6211 SUIT,RS0013,OFF,05040
RS0013-05040-44,WHITE,44,2,6211 SUIT,RS0013,OFF,05040
RS0015-01001-42,PURPLE,42,1,6211 SUIT,RS0015,101,01001
RS0018-01001-42,PURPLE,42,1,6211 SUIT,RS0018,101,01001
RS0020-01001-42,PURPLE,42,1,6211 SUIT,RS0020,101,01001
RS0023-03030-38,MAROON,38,3,6211 SUIT,RS0023,033,03030
RS0023-03030-40,MAROON,40,5,6211 SUIT,RS0023,033,03030
RS0023-03030-42,MAROON,42,3,6211 SUIT,RS0023,033,03030
RS0023-03030-44,MAROON,44,3,6211 SUIT,RS0023,033,03030
RS0024-01003-40,MAROON,40,1,6211 SUIT,RS0024,103,01003
RS0024-02027-38,MOVE,38,2,6211 SUIT,RS0024,227,02027
RS0024-02027-40,MOVE,40,6,6211 SUIT,RS0024,227,02027
RS0024-02027-42,MOVE,42,4,6211 SUIT,RS0024,227,02027
RS0024-02027-44,MOVE,44,2,6211 SUIT,RS0024,227,02027
RS0024-03003-44,MOVE,44,2,6211 SUIT,RS0024,303,03003
RS0025-02029-38,WHITE,38,5,6211 SUIT,RS0025,OFF,02029
RS0025-02029-40,WHITE,40,4,6211 SUIT,RS0025,OFF,02029
RS0025-02029-42,WHITE,42,4,6211 SUIT,RS0025,OFF,02029
RS0025-02029-44,WHITE,44,1,6211 SUIT,RS0025,OFF,02029
RS0026-02020-38,BLUE,38,9,6211 SUIT,RS0026,02,02020
RS0026-03010-38,BLUE,38,1,6211 SUIT,RS0026,031,03010
RS0026-00240-40,BLUE,40,4,6211 SUIT,RS0026,,
RS0026-02020-42,BLUE,42,5,6211 SUIT,RS0026,02,02020
RS0026-00244-44,BLUE,44,5,6211 SUIT,RS0026,,
RS0026-03010-44,BLUE,44,1,6211 SUIT,RS0026,031,03010
RS0027-02038-38,WHITE,38,2,6211 SUIT,RS0027,,
RS0027-02019-40,WHITE,40,5,6211 SUIT,RS0027,OFF,02019
RS0027-03011-42,WHITE,42,3,6211 SUIT,RS0027,OFF,03011
RS0027-02044-44,WHITE,44,2,6211 SUIT,RS0027,,
RS0027-03011-44,WHITE,44,4,6211 SUIT,RS0027,OFF,03011
RS0027-02342-42,GAJRI,42,1,6211 SUIT,RS0027,,
RS0028-00544-44,YELLOW,44,2,6211 SUIT,RS0028,,
RS0029-03030-38,YELLOW,38,2,6211 SUIT,RS0029,033,03030
RS0029-03030-40,YELLOW,40,2,6211 SUIT,RS0029,033,03030
RS0029-03030-42,YELLOW,42,4,6211 SUIT,RS0029,033,03030
RS0029-03030-44,YELLOW,44,4,6211 SUIT,RS0029,033,03030
RS0030-02028-38,BEIGE,38,1,6211 SUIT,RS0030,095,02028
RS0030-02028-40,BEIGE,40,2,6211 SUIT,RS0030,095,02028
RS0030-02028-42,BEIGE,42,2,6211 SUIT,RS0030,095,02028
RS0030-02028-44,BEIGE,44,3,6211 SUIT,RS0030,095,02028
RS0031-03030-38,BEIGE,38,3,6211 SUIT,RS0031,033,03030
RS0031-02030-38,BEIGE,38,1,6211 SUIT,RS0031,230,02030
RS0031-03030-40,BEIGE,40,4,6211 SUIT,RS0031,033,03030
RS0031-02030-40,BEIGE,40,1,6211 SUIT,RS0031,230,02030
RS0031-03030-42,BEIGE,42,4,6211 SUIT,RS0031,033,03030
RS0031-03030-44,BEIGE,44,3,6211 SUIT,RS0031,033,03030
RS0031-02030-44,BEIGE,44,2,6211 SUIT,RS0031,230,02030
RS0031-02042-42,WHITE,42,1,6211 SUIT,RS0031,,
RS0032-01011-42,PEACH,42,1,6211 SUIT,RS0032,364,01011
RS0034-02020-40,MUSTARD,40,3,6211 SUIT,RS0034,02,02020
RS0034-03001-40,MUSTARD,40,1,6211 SUIT,RS0034,301,03001
RS0034-02020-42,MUSTARD,42,4,6211 SUIT,RS0034,02,02020
RS0034-02020-44,MUSTARD,44,5,6211 SUIT,RS0034,02,02020
RS0034-01008-46,MUSTARD,46,1,6211 SUIT,RS0034,815,01008
RS0038-02023-40,BLACK,40,1,6211 SUIT,RS0038,223,02023
RS0038-02023-42,BLACK,42,5,6211 SUIT,RS0038,223,02023
RS0038-02023-44,BLACK,44,2,6211 SUIT,RS0038,223,02023
RS0038-02023-38,GREEN,38,3,6211 SUIT,RS0038,223,02023
RS0038-02023-40,GREEN,40,4,6211 SUIT,RS0038,223,02023
RS0038-02023-42,GREEN,42,4,6211 SUIT,RS0038,223,02023
RS0038-02023-44,GREEN,44,3,6211 SUIT,RS0038,223,02023
RS0039-01021-38,WHITE,38,3,6211 SUIT,RS0039,OFF,01021
RS0039-01021-40,WHITE,40,3,6211 SUIT,RS0039,OFF,01021
RS0039-01021-42,WHITE,42,4,6211 SUIT,RS0039,OFF,01021
RS0039-01021-44,WHITE,44,5,6211 SUIT,RS0039,OFF,01021
S00140-020L-L,WHITE,L,1,6211 SUIT,S00140,,
S00153-007M-M,GREEN,M,1,6211 SUIT,S00153,,
S00168-006M-M,MUSTARD,M,1,6211 SUIT,S00168,,
S00317-021L-L,SKY,L,1,6211 SUIT,S00317,,
S00762-ORAM-M,ORANGE,M,1,6211 SUIT,S00762,,
S00773-017M-M,BEIGE,M,1,6211 SUIT,S00773,,
S00809-002L-L,BLUE,L,1,6211 SUIT,S00809,,
S1009A,,,1,6211 SUIT,S00809,,
S00809-08035-M,WHITE,M,1,6211 SUIT,S00809,OFF,08035
S1019A,,,1,6211 SUIT,S00809,,
S00809-02004-M,ONION,M,1,6211 SUIT,S00809,204,02004
S1115A,,,1,6211 SUIT,S00809,,
S00809-01057-M,MUSTARD,M,1,6211 SUIT,S00809,555,01057
S1115B,,,1,6211 SUIT,S00809,,
S00809-04047-XL,WHITE,XL,1,6211 SUIT,S00809,OFF,04047
S1161A,,,50,6211 SUIT,S00809,,
00538,,,2,6211 SUIT,S00809,,
00542,,,7,6211 SUIT,S00809,,
00738,,,1,6211 SUIT,S00809,,
S00809-81101-38,GREEN,38,2,6211 SUIT,S00809,811,81101
S00809-81101-40,GREEN,40,5,6211 SUIT,S00809,811,81101
00742,,,1,6211 SUIT,S00809,,
S00809-81101-42,GREEN,42,4,6211 SUIT,S00809,811,81101
S00809-81101-44,GREEN,44,3,6211 SUIT,S00809,811,81101
00746,,,1,6211 SUIT,S00809,,
S00809-81101-46,GREEN,46,6,6211 SUIT,S00809,811,81101
S00809-81101-50,GREEN,50,2,6211 SUIT,S00809,811,81101
S00809-01038-38,ONION,38,1,6211 SUIT,S00809,,
03338,,,2,6211 SUIT,S00809,,
S00809-81101-38,PEACH,38,1,6211 SUIT,S00809,811,81101
S00809-81101-40,PEACH,40,3,6211 SUIT,S00809,811,81101
03342,,,1,6211 SUIT,S00809,,
S00809-81101-42,PEACH,42,5,6211 SUIT,S00809,811,81101
S00809-81101-44,PEACH,44,2,6211 SUIT,S00809,811,81101
03346,,,1,6211 SUIT,S00809,,
S1240A,,,3,6211 SUIT,S00809,,
S00809-04045-M,PURPLE,M,1,6211 SUIT,S00809,445,04045
S00809-04045-M,GREEN,M,2,6211 SUIT,S00809,445,04045
S1267A,,,1,6211 SUIT,S00809,,
S00809-03030-40,MOVE,40,1,6211 SUIT,S00809,033,03030
S1468A,,,11,6211 SUIT,S00809,,
S00809-06008-40,RANI,40,1,6211 SUIT,S00809,484,06008
S00809-09040-46,RANI,46,1,6211 SUIT,S00809,798,09040
S00809-08070-38,WHITE,38,2,6211 SUIT,S00809,OFF,08070
S00809-09040-42,WHITE,42,2,6211 SUIT,S00809,OFF,09040
S00809-09040-46,WHITE,46,3,6211 SUIT,S00809,OFF,09040
S00809-08070-46,WHITE,46,2,6211 SUIT,S00809,OFF,08070
S1523A,,,1,6211 SUIT,S00809,,
S00809-03001-42,BLACK,42,1,6211 SUIT,S00809,301,03001
S1541S,,,1,6211 SUIT,S00809,,
S00809-05002-42,GREEN,42,1,6211 SUIT,S00809,052,05002
S1564U,,,3,6211 SUIT,S00809,,
"S00809-SIZE,07009-FREE",MUSTARD,FREE,1,6211 SUIT,S00809,,"SIZE,07009"
"S00809-SIZE,07009-FREE",GREEN,FREE,1,6211 SUIT,S00809,,"SIZE,07009"
"S00809-SIZE,07009-FREE",BEIGE,FREE,1,6211 SUIT,S00809,,"SIZE,07009"
S1599M,,,1,6211 SUIT,S00809,,
S00809-02028-42,GREEN,42,1,6211 SUIT,S00809,095,02028
S1610A,,,1,6211 SUIT,S00809,,
S00809-03045-42,T.BLUE,42,1,6211 SUIT,S00809,345,03045
S1618M,,,1,6211 SUIT,S00809,,
S00809-02001-42,PURPLE,42,1,6211 SUIT,S00809,201,02001
SB0051-007M-M,GREEN,M,1,6211 SUIT,SB0051,,
SB0051-015M-M,PINK,M,1,6211 SUIT,SB0051,,
SB0052-03-M,AQUA,M,1,6211 SUIT,SB0052,,
SF1009-14024-42,LEMON,42,1,6211 SUIT,SF1009,552,14024
SF1016-05035-M,BLACK,M,2,6211 SUIT,SF1016,535,05035
SF1025-02089-XL,WHITE,XL,1,6211 SUIT,SF1025,OFF,02089
SF1026-02002-M,WINE,M,1,6211 SUIT,SF1026,202,02002
SF1030-05042-M,ONION,M,1,6211 SUIT,SF1030,542,05042
SF1030-05042-XL,ONION,XL,1,6211 SUIT,SF1030,542,05042
SF1030-02009-M,LEMON,M,1,6211 SUIT,SF1030,209,02009
SF1030-02009-XL,LEMON,XL,1,6211 SUIT,SF1030,209,02009
SF1030-04046-XL,ORANGE,XL,1,6211 SUIT,SF1030,640,04046
SF1037-01060-L,LEMON,L,1,6211 SUIT,SF1037,01,01060
SF1039-01055-XL,A   BLACK,XL,1,6211 SUIT,SF1039,,01055
SF1039-03060-M,WINE,M,1,6211 SUIT,SF1039,360,03060
SF1039-01055-M,A   WINE,M,1,6211 SUIT,SF1039,,01055
SF1043-02001-M,FIROZI,M,1,6211 SUIT,SF1043,201,02001
00440,,,1,6211 SUIT,SF1050,,
00442,,,1,6211 SUIT,SF1050,,
00444,,,4,6211 SUIT,SF1050,,
03342,,,1,6211 SUIT,SF1050,,
SF1050-25060-44,PEACH,44,1,6211 SUIT,SF1050,025,25060
SF1050-24043-44,PEACH,44,1,6211 SUIT,SF1050,986,24043
SF1050-24043-46,PEACH,46,4,6211 SUIT,SF1050,986,24043
00438,,,3,6211 SUIT,SF1051,,
00442,,,3,6211 SUIT,SF1051,,
00446,,,3,6211 SUIT,SF1051,,
03338,,,3,6211 SUIT,SF1051,,
03340,,,1,6211 SUIT,SF1051,,
03342,,,1,6211 SUIT,SF1051,,
03344,,,1,6211 SUIT,SF1051,,
03346,,,3,6211 SUIT,SF1051,,
SF1110-04003-L,BLACK,L,1,6211 SUIT,SF1110,430,04003
SF1110-02012-XL,NAVY BLUE,XL,1,6211 SUIT,SF1110,022,02012
SF1116-01002-M,BLACK,M,1,6211 SUIT,SF1116,012,01002
SF1121-02016-L,BLACK,L,1,6211 SUIT,SF1121,216,02016
SF1145-03045-L,ONION,L,2,6211 SUIT,SF1145,345,03045
SF1145-03045-M,ONION,M,1,6211 SUIT,SF1145,345,03045
SF1160-02045-38,GREEN,38,1,6211 SUIT,SF1160,245,02045
SF1161-04004-L,PURPLE,L,1,6211 SUIT,SF1161,444,04004
SF1192-04040-L,BLACK,L,1,6211 SUIT,SF1192,044,04040
SF1196-01001-M,MUSTARD,M,1,6211 SUIT,SF1196,101,01001
SF1200-21030-38,BLUE,38,3,6211 SUIT,SF1200,51,21030
SF1200-21030-40,BLUE,40,2,6211 SUIT,SF1200,51,21030
SF1200-21030-42,BLUE,42,2,6211 SUIT,SF1200,51,21030
SF1200-21030-44,BLUE,44,2,6211 SUIT,SF1200,51,21030
SF1200-02003-M,RED,M,1,6211 SUIT,SF1200,203,02003
SF1200-21030-38,MUSTARD,38,2,6211 SUIT,SF1200,51,21030
SF1200-21030-40,MUSTARD,40,2,6211 SUIT,SF1200,51,21030
SF1200-21030-42,MUSTARD,42,3,6211 SUIT,SF1200,51,21030
SF1200-21030-44,MUSTARD,44,3,6211 SUIT,SF1200,51,21030
SF1200-21030-38,RANI,38,2,6211 SUIT,SF1200,51,21030
SF1200-17027-38,RANI,38,1,6211 SUIT,SF1200,755,17027
SF1200-21030-40,RANI,40,1,6211 SUIT,SF1200,51,21030
SF1200-21030-42,RANI,42,2,6211 SUIT,SF1200,51,21030
SF1200-21030-44,RANI,44,2,6211 SUIT,SF1200,51,21030
SF1211-01001-M,NUDE,M,1,6211 SUIT,SF1211,101,01001
SF1217-T.B50-50,T.BLUE,50,1,6211 SUIT,SF1217,,
SF1218-06023-38,PURPLE,38,1,6211 SUIT,SF1218,551,06023
SF1218-11060-38,RANI,38,2,6211 SUIT,SF1218,611,11060
SF1218-11060-40,RANI,40,2,6211 SUIT,SF1218,611,11060
SF1218-11060-42,RANI,42,3,6211 SUIT,SF1218,611,11060
SF1218-11060-38,RUST,38,1,6211 SUIT,SF1218,611,11060
03240,,,1,6211 SUIT,SF1218,,
SF1218-11060-40,RUST,40,2,6211 SUIT,SF1218,611,11060
SF1218-11060-42,RUST,42,3,6211 SUIT,SF1218,611,11060
SF1218-11060-44,RUST,44,2,6211 SUIT,SF1218,611,11060
SF1218-11060-46,RUST,46,2,6211 SUIT,SF1218,611,11060
SF1218-11060-50,RUST,50,1,6211 SUIT,SF1218,611,11060
SF1222-01001-M,BLACK,M,1,6211 SUIT,SF1222,101,01001
SF1226-01002-L,BLUE,L,1,6211 SUIT,SF1226,012,01002
SF1227-T.B38-38,T.BLUE,38,1,6211 SUIT,SF1227,,
SF1233-03045-L,GREEN,L,1,6211 SUIT,SF1233,345,03045
SF1234-02027-L,BLACK,L,3,6211 SUIT,SF1234,227,02027
SF1234-002L-L,BLUE,L,1,6211 SUIT,SF1234,,
SF1234-02027-L,BLUE,L,2,6211 SUIT,SF1234,227,02027
SF1234-002M-M,BLUE,M,1,6211 SUIT,SF1234,,
SF1234-02027-L,WHITE,L,1,6211 SUIT,SF1234,OFF,02027
SF1234-02027-M,WHITE,M,2,6211 SUIT,SF1234,OFF,02027
SF1240-05002-M,ONION,M,1,6211 SUIT,SF1240,052,05002
SF1242-02008-L,WHITE,L,1,6211 SUIT,SF1242,OFF,02008
SF1245-04020-40,YELLOW,40,1,6211 SUIT,SF1245,420,04020
SF1247-00742-42,GREEN,42,1,6211 SUIT,SF1247,,
SF1250-002L-L,BLUE,L,1,6211 SUIT,SF1250,,
SF1254-04063-38,LEMON,38,1,6211 SUIT,SF1254,586,04063
SF1255-01003-M,MUSTARD,M,1,6211 SUIT,SF1255,103,01003
SF1255-01003-L,RANI,L,1,6211 SUIT,SF1255,103,01003
SF1255-03002-M,RANI,M,1,6211 SUIT,SF1255,302,03002
SF1259-05080-42,GREEN,42,1,6211 SUIT,SF1259,852,05080
SF1261-03040-L,MUSTARD,L,1,6211 SUIT,SF1261,340,03040
SF1269-01001-M,MUSTARD,M,1,6211 SUIT,SF1269,101,01001
SF1270-01030-M,LEMON,M,1,6211 SUIT,SF1270,013,01030
SF1271-01001-M,BLACK,M,1,6211 SUIT,SF1271,101,01001
SF1282-007M-M,GREEN,M,1,6211 SUIT,SF1282,,
SF1285-01001-M,BLACK,M,1,6211 SUIT,SF1285,101,01001
SF1286-03063-L,LEMON,L,1,6211 SUIT,SF1286,363,03063
SF1290-04060-M,GREEN,M,1,6211 SUIT,SF1290,460,04060
SF1292-02001-42,WINE,42,1,6211 SUIT,SF1292,201,02001
SF1292-01003-M,WINE,M,1,6211 SUIT,SF1292,103,01003
SF1295-02025-L,YELLOW,L,3,6211 SUIT,SF1295,225,02025
SF1295-02025-M,YELLOW,M,6,6211 SUIT,SF1295,225,02025
SF1295-02025-XL,YELLOW,XL,2,6211 SUIT,SF1295,225,02025
SF1295-02025-M,GREEN,M,1,6211 SUIT,SF1295,225,02025
03338,,,1,6211 SUIT,SF1296,,
SF1297-03053-M,MUSTARD,M,1,6211 SUIT,SF1297,352,03053
SF1297-03053-L,PEACH,L,1,6211 SUIT,SF1297,352,03053
SF1298-21060-46,BLUE,46,1,6211 SUIT,SF1298,621,21060
SF1305-11030-38,WHITE,38,1,6211 SUIT,SF1305,OFF,11030
SF1305-11030-46,WHITE,46,1,6211 SUIT,SF1305,OFF,11030
SF1310-01004-M,GREEN,M,1,6211 SUIT,SF1310,104,01004
00644,,,1,6211 SUIT,SF1313,,
00646,,,1,6211 SUIT,SF1313,,
01038,,,3,6211 SUIT,SF1313,,
01050,,,1,6211 SUIT,SF1313,,
SF1313-17057-46,ORANGE,46,1,6211 SUIT,SF1313,557,17057
SF1315-01082-XL,MOVE,XL,1,6211 SUIT,SF1315,182,01082
SF1324-01002-42,GREEN,42,1,6211 SUIT,SF1324,012,01002
SF1333-01001-42,ONION,42,1,6211 SUIT,SF1333,101,01001
SF1334-01001-42,GREY,42,1,6211 SUIT,SF1334,101,01001
SF1336-01003-38,MOVE,38,1,6211 SUIT,SF1336,103,01003
SF1338-02033-44,BLACK,44,1,6211 SUIT,SF1338,233,02033
SF1340-01001-M,GREEN,M,1,6211 SUIT,SF1340,101,01001
SF1342-01001-M,RED,M,1,6211 SUIT,SF1342,101,01001
SF1344-01001-38,ONION,38,1,6211 SUIT,SF1344,101,01001
SF1346-03040-38,GREEN,38,1,6211 SUIT,SF1346,340,03040
SF1360-05024-38,WINE,38,1,6211 SUIT,SF1360,086,05024
SF1360-06022-38,RUST,38,1,6211 SUIT,SF1360,206,06022
SF1360-06022-42,RUST,42,1,6211 SUIT,SF1360,206,06022
SF1361-01001-38,LEMON,38,1,6211 SUIT,SF1361,101,01001
SF1362-01001-38,ONION,38,1,6211 SUIT,SF1362,101,01001
SF1364-01001-L,GREEN,L,1,6211 SUIT,SF1364,101,01001
SF1373-01001-38,BLACK,38,1,6211 SUIT,SF1373,101,01001
SF1376-01001-L,WINE,L,1,6211 SUIT,SF1376,101,01001
SF1381-02001-38,PURPLE,38,1,6211 SUIT,SF1381,201,02001
SF1382-04012-38,MUSTARD,38,1,6211 SUIT,SF1382,412,04012
SF1382-03006-40,MUSTARD,40,1,6211 SUIT,SF1382,036,03006
SF1382-04012-40,MUSTARD,40,1,6211 SUIT,SF1382,412,04012
SF1382-03006-42,MUSTARD,42,1,6211 SUIT,SF1382,036,03006
SF1382-04012-42,MUSTARD,42,2,6211 SUIT,SF1382,412,04012
SF1382-04012-44,MUSTARD,44,1,6211 SUIT,SF1382,412,04012
SF1385-01001-42,MUSTARD,42,1,6211 SUIT,SF1385,101,01001
SF1391-04020-38,ONION,38,1,6211 SUIT,SF1391,420,04020
SF1399-02064-38,PURPLE,38,1,6211 SUIT,SF1399,418,02064
SF1399-06030-38,YELLOW,38,1,6211 SUIT,SF1399,630,06030
SF1399-05064-38,GREEN,38,1,6211 SUIT,SF1399,756,05064
SF1399-06030-42,GREEN,42,1,6211 SUIT,SF1399,630,06030
SF1399-05064-38,PEACH,38,1,6211 SUIT,SF1399,756,05064
SF1409-05040-44,WHITE,44,2,6211 SUIT,SF1409,OFF,05040
SF1410-06040-46,BLACK,46,1,6211 SUIT,SF1410,604,06040
SF1413-02003-42,MOVE,42,1,6211 SUIT,SF1413,203,02003
SF1424-05060-38,WINE,38,1,6211 SUIT,SF1424,560,05060
SF1434-21060-38,BLUE,38,9,6211 SUIT,SF1434,621,21060
SF1434-21060-42,BLUE,42,5,6211 SUIT,SF1434,621,21060
SF1434-21060-44,BLUE,44,6,6211 SUIT,SF1434,621,21060
SF1434-21060-38,GREEN,38,2,6211 SUIT,SF1434,621,21060
SF1434-18045-40,GREEN,40,1,6211 SUIT,SF1434,186,18045
SF1434-21060-40,GREEN,40,1,6211 SUIT,SF1434,621,21060
SF1434-21060-42,GREEN,42,2,6211 SUIT,SF1434,621,21060
SF1434-21060-44,GREEN,44,2,6211 SUIT,SF1434,621,21060
SF1437-06024-38,RANI,38,1,6211 SUIT,SF1437,624,06024
SF1451-03096-38,BLACK,38,1,6211 SUIT,SF1451,396,03096
SF1451-08054-42,RANI,42,2,6211 SUIT,SF1451,469,08054
SF1451-08054-46,RANI,46,2,6211 SUIT,SF1451,469,08054
SF1451-08054-38,WHITE,38,5,6211 SUIT,SF1451,OFF,08054
SF1451-08054-42,WHITE,42,2,6211 SUIT,SF1451,OFF,08054
SF1451-08054-46,WHITE,46,1,6211 SUIT,SF1451,OFF,08054
SF1454-02006-38,PURPLE,38,1,6211 SUIT,SF1454,780,02006
SF1454-03060-42,RANI,42,1,6211 SUIT,SF1454,360,03060
SF1455-03062-42,YELLOW,42,1,6211 SUIT,SF1455,362,03062
SF1457-03020-46,RANI,46,1,6211 SUIT,SF1457,032,03020
SF1463-01003-42,MAROON,42,1,6211 SUIT,SF1463,103,01003
SF1463-04060-38,LEMON,38,1,6211 SUIT,SF1463,460,04060
01138,,,2,6211 SUIT,SF1466,,
SF1468-04024-38,BLUE,38,1,6211 SUIT,SF1468,424,04024
SF1468-03020-40,BLUE,40,1,6211 SUIT,SF1468,032,03020
SF1468-02017-42,BLUE,42,1,6211 SUIT,SF1468,217,02017
SF1468-02017-46,BLUE,46,1,6211 SUIT,SF1468,217,02017
SF1468-04024-38,WHITE,38,1,6211 SUIT,SF1468,OFF,04024
SF1468-03020-46,WHITE,46,1,6211 SUIT,SF1468,OFF,03020
SF1469-03030-46,RANI,46,1,6211 SUIT,SF1469,033,03030
SF1471-08054-38,GREEN,38,6,6211 SUIT,SF1471,469,08054
SF1471-08054-42,GREEN,42,5,6211 SUIT,SF1471,469,08054
SF1471-08054-44,GREEN,44,2,6211 SUIT,SF1471,469,08054
SF1471-00746-46,GREEN,46,1,6211 SUIT,SF1471,,
SF1471-08054-46,GREEN,46,3,6211 SUIT,SF1471,469,08054
SF1471-08054-38,MOVE,38,7,6211 SUIT,SF1471,469,08054
SF1471-08054-42,MOVE,42,2,6211 SUIT,SF1471,469,08054
SF1472-08040-38,BLUE,38,1,6211 SUIT,SF1472,988,08040
SF1472-02-46,NAVY BLUE,46,1,6211 SUIT,SF1472,,
SF1472-06060-38,WHITE,38,2,6211 SUIT,SF1472,OFF,06060
SF1472-08040-38,WHITE,38,1,6211 SUIT,SF1472,OFF,08040
SF1472-08040-42,WHITE,42,1,6211 SUIT,SF1472,OFF,08040
SF1472-08040-46,WHITE,46,2,6211 SUIT,SF1472,OFF,08040
SF1475-06038-38,MUSTARD,38,1,6211 SUIT,SF1475,638,06038
SF1475-00742-42,GREEN,42,1,6211 SUIT,SF1475,,
01038,,,1,6211 SUIT,SF1475,,
SF1475-01944-44,GREY,44,1,6211 SUIT,SF1475,,
SF1475-01950-50,GREY,50,1,6211 SUIT,SF1475,,
SF1477-06040-38,BLUE,38,1,6211 SUIT,SF1477,604,06040
SF1477-06040-42,WHITE,42,3,6211 SUIT,SF1477,OFF,06040
SF1477-05060-50,WHITE,50,2,6211 SUIT,SF1477,OFF,05060
SF1481-03012-40,RANI,40,1,6211 SUIT,SF1481,565,03012
SF1483-02001-42,MOVE,42,1,6211 SUIT,SF1483,201,02001
00438,,,1,6211 SUIT,SF1488,,
00442,,,1,6211 SUIT,SF1488,,
00446,,,1,6211 SUIT,SF1488,,
00738,,,3,6211 SUIT,SF1488,,
00742,,,6,6211 SUIT,SF1488,,
00744,,,2,6211 SUIT,SF1488,,
00746,,,3,6211 SUIT,SF1488,,
01038,,,3,6211 SUIT,SF1488,,
01042,,,7,6211 SUIT,SF1488,,
01044,,,3,6211 SUIT,SF1488,,
01046,,,8,6211 SUIT,SF1488,,
SF1488-08038-42,MOVE,42,1,6211 SUIT,SF1488,74+,08038
SF1488-10042-46,MOVE,46,1,6211 SUIT,SF1488,2+6,10042
SF1489-09060-44,PURPLE,44,1,6211 SUIT,SF1489,960,09060
SF1489-00446-46,PURPLE,46,1,6211 SUIT,SF1489,,
SF1489-09060-46,PURPLE,46,1,6211 SUIT,SF1489,960,09060
SF1489-00450-50,PURPLE,50,1,6211 SUIT,SF1489,,
SF1489-00738-38,GREEN,38,1,6211 SUIT,SF1489,,
SF1489-09060-42,GREEN,42,1,6211 SUIT,SF1489,960,09060
SF1489-01038-38,ONION,38,2,6211 SUIT,SF1489,,
SF1489-01042-42,ONION,42,2,6211 SUIT,SF1489,,
SF1489-01046-46,ONION,46,1,6211 SUIT,SF1489,,
SF1489-01050-50,ONION,50,1,6211 SUIT,SF1489,,
SF1489-09060-38,MOVE,38,1,6211 SUIT,SF1489,960,09060
SF1489-07060-42,MOVE,42,1,6211 SUIT,SF1489,760,07060
01742,,,1,6211 SUIT,SF1491,,
01744,,,1,6211 SUIT,SF1491,,
SF1491-01746-46,BEIGE,46,1,6211 SUIT,SF1491,,
SF1491-04011-46,BEIGE,46,1,6211 SUIT,SF1491,419,04011
SF1492-01001-42,GREEN,42,1,6211 SUIT,SF1492,101,01001
SF1496-02030-40,PURPLE,40,2,6211 SUIT,SF1496,230,02030
SF1498-02044-44,WHITE,44,1,6211 SUIT,SF1498,,
SF1502-03001-42,PURPLE,42,1,6211 SUIT,SF1502,301,03001
SF1506-02021-38,T.BLUE,38,1,6211 SUIT,SF1506,021,02021
SF1506-02021-44,T.BLUE,44,1,6211 SUIT,SF1506,021,02021
00738,,,1,6211 SUIT,SF1509,,
SF1509-02340-40,GAJRI,40,1,6211 SUIT,SF1509,,
02346,,,1,6211 SUIT,SF1509,,
SF1516-01038-38,ONION,38,1,6211 SUIT,SF1516,,
SF1516-02045-38,ONION,38,1,6211 SUIT,SF1516,245,02045
SF1516-01042-42,ONION,42,1,6211 SUIT,SF1516,,
SF1516-02045-42,ONION,42,1,6211 SUIT,SF1516,245,02045
SF1516-01046-46,ONION,46,1,6211 SUIT,SF1516,,
SF1516-02045-38,WHITE,38,1,6211 SUIT,SF1516,OFF,02045
SF1516-03010-44,T.BLUE,44,1,6211 SUIT,SF1516,031,03010
SF1517-05030-38,BLUE,38,1,6211 SUIT,SF1517,530,05030
SF1519-02030-38,PURPLE,38,1,6211 SUIT,SF1519,230,02030
01044,,,1,6211 SUIT,SF1519,,
02038,,,2,6211 SUIT,SF1519,,
02040,,,1,6211 SUIT,SF1519,,
02044,,,2,6211 SUIT,SF1519,,
SF1520-06030-38,PURPLE,38,1,6211 SUIT,SF1520,630,06030
SF1520-06030-40,PURPLE,40,1,6211 SUIT,SF1520,630,06030
SF1520-07029-38,WHITE,38,1,6211 SUIT,SF1520,OFF,07029
SF1520-06030-38,GAJRI,38,1,6211 SUIT,SF1520,630,06030
SF1520-07029-38,GAJRI,38,1,6211 SUIT,SF1520,729,07029
SF1520-07029-44,GAJRI,44,1,6211 SUIT,SF1520,729,07029
00244,,,1,6211 SUIT,SF1523,,
SF1523-06002-50,BLUE,50,2,6211 SUIT,SF1523,600,06002
SF1523-04021-38,GREEN,38,2,6211 SUIT,SF1523,523,04021
SF1523-04021-40,GREEN,40,1,6211 SUIT,SF1523,523,04021
SF1523-04021-42,GREEN,42,1,6211 SUIT,SF1523,523,04021
01944,,,2,6211 SUIT,SF1523,,
SF1523-04021-38,ORANGE,38,2,6211 SUIT,SF1523,523,04021
SF1523-04021-40,ORANGE,40,2,6211 SUIT,SF1523,523,04021
SF1523-04021-42,ORANGE,42,1,6211 SUIT,SF1523,523,04021
SF1523-04021-44,ORANGE,44,1,6211 SUIT,SF1523,523,04021
SF1528-03030-42,GREEN,42,1,6211 SUIT,SF1528,033,03030
SF1528-03030-46,GREEN,46,1,6211 SUIT,SF1528,033,03030
SF1528-03030-42,GREY,42,1,6211 SUIT,SF1528,033,03030
SF1528-03030-46,GREY,46,2,6211 SUIT,SF1528,033,03030
SF1530-02029-38,GREEN,38,1,6211 SUIT,SF1530,556,02029
SF1530-03060-38,ONION,38,1,6211 SUIT,SF1530,360,03060
SF1530-03060-40,ONION,40,1,6211 SUIT,SF1530,360,03060
SF1530-03015-40,ORANGE,40,1,6211 SUIT,SF1530,315,03015
SF1530-03060-42,ORANGE,42,3,6211 SUIT,SF1530,360,03060
SF1530-03060-44,ORANGE,44,1,6211 SUIT,SF1530,360,03060
SF1530-03060-48,ORANGE,48,3,6211 SUIT,SF1530,360,03060
SF1537-01015-38,PURPLE,38,1,6211 SUIT,SF1537,515,01015
SF1540-06092-38,PURPLE,38,1,6211 SUIT,SF1540,164,06092
SF1540-07089-38,PURPLE,38,1,6211 SUIT,SF1540,989,07089
SF1540-07089-42,PURPLE,42,1,6211 SUIT,SF1540,989,07089
00838,,,2,6211 SUIT,SF1540,,
00840,,,3,6211 SUIT,SF1540,,
00842,,,3,6211 SUIT,SF1540,,
00844,,,2,6211 SUIT,SF1540,,
00846,,,1,6211 SUIT,SF1540,,
01138,,,1,6211 SUIT,SF1540,,
01140,,,4,6211 SUIT,SF1540,,
01142,,,2,6211 SUIT,SF1540,,
01144,,,1,6211 SUIT,SF1540,,
01146,,,1,6211 SUIT,SF1540,,
SF1540-07089-38,WHITE,38,1,6211 SUIT,SF1540,OFF,07089
SF1540-07089-40,WHITE,40,2,6211 SUIT,SF1540,OFF,07089
SF1540-11060-38,MOVE,38,1,6211 SUIT,SF1540,611,11060
SF1540-13066-40,MOVE,40,4,6211 SUIT,SF1540,-55,13066
SF1540-11060-40,MOVE,40,1,6211 SUIT,SF1540,611,11060
SF1540-13066-42,MOVE,42,3,6211 SUIT,SF1540,-55,13066
SF1540-12062-44,MOVE,44,1,6211 SUIT,SF1540,+5+,12062
SF1540-13066-44,MOVE,44,4,6211 SUIT,SF1540,-55,13066
SF1540-11060-44,MOVE,44,1,6211 SUIT,SF1540,611,11060
SF1540-12062-46,MOVE,46,1,6211 SUIT,SF1540,+5+,12062
SF1540-13066-46,MOVE,46,1,6211 SUIT,SF1540,-55,13066
SF1541-09030-38,BLUE,38,1,6211 SUIT,SF1541,930,09030
SF1541-09030-38,BEIGE,38,1,6211 SUIT,SF1541,930,09030
SF1541-09030-44,BEIGE,44,1,6211 SUIT,SF1541,930,09030
SF1541-01746-46,BEIGE,46,1,6211 SUIT,SF1541,,
01938,,,1,6211 SUIT,SF1541,,
01940,,,1,6211 SUIT,SF1541,,
SF1541-09030-46,GREY,46,1,6211 SUIT,SF1541,930,09030
01946,,,1,6211 SUIT,SF1541,,
SF1541-04003-38,WHITE,38,1,6211 SUIT,SF1541,OFF,04003
SF1541-MOU46-46,MOUSE,46,1,6211 SUIT,SF1541,,
SF1545-00738-38,GREEN,38,1,6211 SUIT,SF1545,,
SF1545-08045-46,GREEN,46,2,6211 SUIT,SF1545,580,08045
SF1545-08045-46,ONION,46,1,6211 SUIT,SF1545,580,08045
SF1545-08045-46,MOVE,46,1,6211 SUIT,SF1545,580,08045
SF1549-02013-38,ONION,38,2,6211 SUIT,SF1549,320,02013
SF1549-02013-38,F.BLUE,38,1,6211 SUIT,SF1549,320,02013
SF1549-02013-42,F.BLUE,42,1,6211 SUIT,SF1549,320,02013
SF1549-02013-46,F.BLUE,46,1,6211 SUIT,SF1549,320,02013
00740,,,1,6211 SUIT,SF1550,,
SF1550-00742-42,GREEN,42,1,6211 SUIT,SF1550,,
SF1550-00744-44,GREEN,44,1,6211 SUIT,SF1550,,
SF1550-08048-44,GREEN,44,1,6211 SUIT,SF1550,884,08048
SF1550-13060-38,WHITE,38,1,6211 SUIT,SF1550,OFF,13060
SF1550-13060-40,WHITE,40,1,6211 SUIT,SF1550,OFF,13060
SF1550-13060-42,WHITE,42,6,6211 SUIT,SF1550,OFF,13060
SF1550-13060-40,T.BLUE,40,1,6211 SUIT,SF1550,136,13060
T.B42,,,1,6211 SUIT,SF1550,,
SF1550-13060-42,T.BLUE,42,10,6211 SUIT,SF1550,136,13060
SF1551-01001-42,PURPLE,42,1,6211 SUIT,SF1551,101,01001
SF1552-02009-38,WHITE,38,1,6211 SUIT,SF1552,OFF,02009
SF1552-03005-38,WHITE,38,1,6211 SUIT,SF1552,OFF,03005
SF1552-03005-42,WHITE,42,2,6211 SUIT,SF1552,OFF,03005
SF1552-03005-44,WHITE,44,2,6211 SUIT,SF1552,OFF,03005
SF1552-02009-38,T.BLUE,38,1,6211 SUIT,SF1552,209,02009
SF1554,,,3,6211 SUIT,SF1552,,
SF1552-01003-42,PURPLE,42,3,6211 SUIT,SF1552,103,01003
SF1555,,,1,6211 SUIT,SF1552,,
SF1552-01001-42,GAJRI,42,1,6211 SUIT,SF1552,101,01001
SF1556-00744-44,GREEN,44,2,6211 SUIT,SF1556,,
SF1556-00746-46,GREEN,46,2,6211 SUIT,SF1556,,
SF1556-08040-46,GREEN,46,1,6211 SUIT,SF1556,988,08040
SF1556-01038-38,ONION,38,1,6211 SUIT,SF1556,,
SF1556-01738-38,BEIGE,38,4,6211 SUIT,SF1556,,
SF1556-02014-42,BEIGE,42,1,6211 SUIT,SF1556,214,02014
SF1556-01938-38,GREY,38,1,6211 SUIT,SF1556,,
SF1556-01940-40,GREY,40,1,6211 SUIT,SF1556,,
SF1556-04030-46,GREY,46,2,6211 SUIT,SF1556,4,04030
SF1556-06042-42,MOVE,42,1,6211 SUIT,SF1556,642,06042
SF1558-04002-38,BLUE,38,1,6211 SUIT,SF1558,241,04002
SF1558-03023-38,BLUE,38,2,6211 SUIT,SF1558,464,03023
SF1558-03023-40,BLUE,40,3,6211 SUIT,SF1558,464,03023
SF1558-03023-42,BLUE,42,2,6211 SUIT,SF1558,464,03023
SF1558-03023-44,BLUE,44,2,6211 SUIT,SF1558,464,03023
SF1558-01001-42,GAJRI,42,1,6211 SUIT,SF1558,101,01001
SF1561-00240-40,BLUE,40,1,6211 SUIT,SF1561,,
SF1561-10078-40,BLUE,40,2,6211 SUIT,SF1561,800,10078
00242,,,1,6211 SUIT,SF1561,,
SF1561-10078-42,BLUE,42,4,6211 SUIT,SF1561,800,10078
SF1561-10078-44,BLUE,44,2,6211 SUIT,SF1561,800,10078
SF1561-10078-46,BLUE,46,1,6211 SUIT,SF1561,800,10078
SF1561-10078-38,GREEN,38,1,6211 SUIT,SF1561,800,10078
SF1561-10078-40,GREEN,40,3,6211 SUIT,SF1561,800,10078
SF1561-10078-40,WINE,40,2,6211 SUIT,SF1561,800,10078
SF1561-10078-42,WINE,42,5,6211 SUIT,SF1561,800,10078
SF1561-06041-38,ONION,38,1,6211 SUIT,SF1561,091,06041
SF1561-05023-42,ONION,42,1,6211 SUIT,SF1561,849,05023
SF1561-06041-46,ONION,46,1,6211 SUIT,SF1561,091,06041
SF1561-06041-42,GREY,42,1,6211 SUIT,SF1561,091,06041
SF1562-01003-38,PURPLE,38,1,6211 SUIT,SF1562,103,01003
SF1562-01003-42,GREEN,42,1,6211 SUIT,SF1562,103,01003
SF1562-01003-38,ONION,38,1,6211 SUIT,SF1562,103,01003
SF1563-15042-44,MOVE,44,1,6211 SUIT,SF1563,+8+,15042
SF1564-13030-38,MUSTARD,38,1,6211 SUIT,SF1564,133,13030
00638,,,17,6211 SUIT,SF1564,,
SF1564-12030-38,MUSTARD,38,2,6211 SUIT,SF1564,984,12030
SF1564-13030-40,MUSTARD,40,1,6211 SUIT,SF1564,133,13030
00640,,,5,6211 SUIT,SF1564,,
00642,,,15,6211 SUIT,SF1564,,
SF1564-12030-42,MUSTARD,42,7,6211 SUIT,SF1564,984,12030
SF1564-13030-44,MUSTARD,44,2,6211 SUIT,SF1564,133,13030
00644,,,6,6211 SUIT,SF1564,,
00646,,,13,6211 SUIT,SF1564,,
SF1564-12030-46,MUSTARD,46,7,6211 SUIT,SF1564,984,12030
SF1564-13030-50,MUSTARD,50,2,6211 SUIT,SF1564,133,13030
00650,,,3,6211 SUIT,SF1564,,
SF1564-08033-38,GREEN,38,2,6211 SUIT,SF1564,877,08033
SF1564-00740-40,GREEN,40,1,6211 SUIT,SF1564,,
SF1564-00742-42,GREEN,42,1,6211 SUIT,SF1564,,
SF1564-08033-42,GREEN,42,2,6211 SUIT,SF1564,877,08033
SF1564-01738-38,BEIGE,38,1,6211 SUIT,SF1564,,
SF1564-05060-38,BEIGE,38,3,6211 SUIT,SF1564,560,05060
SF1564-06060-38,BEIGE,38,2,6211 SUIT,SF1564,660,06060
SF1564-06060-40,BEIGE,40,1,6211 SUIT,SF1564,660,06060
SF1564-01742-42,BEIGE,42,1,6211 SUIT,SF1564,,
SF1564-06060-42,BEIGE,42,2,6211 SUIT,SF1564,660,06060
SF1564-10079-38,MOVE,38,1,6211 SUIT,SF1564,+45,10079
SF1564-10079-42,MOVE,42,2,6211 SUIT,SF1564,+45,10079
SF1564-12030-46,MOVE,46,1,6211 SUIT,SF1564,984,12030
00838,,,6,6211 SUIT,SF1566,,
00840,,,2,6211 SUIT,SF1566,,
00842,,,6,6211 SUIT,SF1566,,
00844,,,2,6211 SUIT,SF1566,,
00846,,,6,6211 SUIT,SF1566,,
00850,,,1,6211 SUIT,SF1566,,
00938,,,3,6211 SUIT,SF1566,,
SF1566-07036-40,WINE,40,1,6211 SUIT,SF1566,076,07036
00940,,,1,6211 SUIT,SF1566,,
00942,,,1,6211 SUIT,SF1566,,
00944,,,1,6211 SUIT,SF1566,,
00946,,,5,6211 SUIT,SF1566,,
00950,,,2,6211 SUIT,SF1566,,
SF1566-06060-38,LEMON,38,2,6211 SUIT,SF1566,660,06060
SF1567-02020-38,WHITE,38,3,6211 SUIT,SF1567,OFF,02020
SF1567-02020-44,WHITE,44,1,6211 SUIT,SF1567,OFF,02020
SF1568-02020-42,ONION,42,1,6211 SUIT,SF1568,02,02020
SF1568-02020-38,MOVE,38,1,6211 SUIT,SF1568,02,02020
SF1568-02020-44,MOVE,44,1,6211 SUIT,SF1568,02,02020
SF1569-02022-38,ORANGE,38,3,6211 SUIT,SF1569,222,02022
SF1570-06040-42,YELLOW,42,2,6211 SUIT,SF1570,604,06040
SF1570-06040-46,YELLOW,46,1,6211 SUIT,SF1570,604,06040
SF1570-00738-38,GREEN,38,1,6211 SUIT,SF1570,,
00738,,,2,6211 SUIT,SF1570,,
00740,,,1,6211 SUIT,SF1570,,
00742,,,2,6211 SUIT,SF1570,,
SF1570-05034-42,BEIGE,42,3,6211 SUIT,SF1570,648,05034
SF1570-05034-38,GREY,38,1,6211 SUIT,SF1570,648,05034
01938,,,1,6211 SUIT,SF1570,,
SF1570-05034-42,GREY,42,1,6211 SUIT,SF1570,648,05034
01942,,,1,6211 SUIT,SF1570,,
SF1570-06040-38,MOVE,38,1,6211 SUIT,SF1570,604,06040
SF1570-06040-40,MOVE,40,2,6211 SUIT,SF1570,604,06040
SF1570-06040-42,MOVE,42,4,6211 SUIT,SF1570,604,06040
SF1570-06040-46,MOVE,46,2,6211 SUIT,SF1570,604,06040
SF1570-MOU42-42,MOUSE,42,1,6211 SUIT,SF1570,,
SF1572-00742-42,GREEN,42,2,6211 SUIT,SF1572,,
SF1572-02060-42,GREEN,42,1,6211 SUIT,SF1572,026,02060
SF1572-00746-46,GREEN,46,1,6211 SUIT,SF1572,,
SF1572-02060-42,WHITE,42,1,6211 SUIT,SF1572,OFF,02060
SF1572-MOU42-42,MOUSE,42,1,6211 SUIT,SF1572,,
SF1572-02060-42,MOUSE,42,1,6211 SUIT,SF1572,026,02060
SF1572-02060-46,MOUSE,46,1,6211 SUIT,SF1572,026,02060
SF1573,,,1,6211 SUIT,SF1572,,
SF1572-01004-42,GAJRI,42,1,6211 SUIT,SF1572,104,01004
SF1574-01003-42,RANI,42,1,6211 SUIT,SF1574,103,01003
SF1574-02025-38,WHITE,38,1,6211 SUIT,SF1574,OFF,02025
SF1574-02025-42,WHITE,42,2,6211 SUIT,SF1574,OFF,02025
SF1574-02025-38,MOUSE,38,1,6211 SUIT,SF1574,225,02025
SF1574-01003-42,MOUSE,42,1,6211 SUIT,SF1574,103,01003
SF1574-02025-42,MOUSE,42,1,6211 SUIT,SF1574,225,02025
SF1574-02025-46,MOUSE,46,1,6211 SUIT,SF1574,225,02025
SF1576-00238-38,BLUE,38,1,6211 SUIT,SF1576,,
SF1576-00244-44,BLUE,44,1,6211 SUIT,SF1576,,
SF1576-03012-40,RED,40,1,6211 SUIT,SF1576,565,03012
SF1576-03012-42,RED,42,1,6211 SUIT,SF1576,565,03012
SF1576-03012-44,RED,44,2,6211 SUIT,SF1576,565,03012
SF1579-02050-38,BLUE,38,1,6211 SUIT,SF1579,250,02050
SF1579-02050-42,BLUE,42,1,6211 SUIT,SF1579,250,02050
SF1579-01003-42,RANI,42,1,6211 SUIT,SF1579,103,01003
SF1579-04004-42,RANI,42,1,6211 SUIT,SF1579,444,04004
SF1579-04004-42,MOVE,42,1,6211 SUIT,SF1579,444,04004
SF1580-02030-38,PURPLE,38,1,6211 SUIT,SF1580,230,02030
SF1580-02030-42,PURPLE,42,2,6211 SUIT,SF1580,230,02030
SF1580-02030-46,PURPLE,46,1,6211 SUIT,SF1580,230,02030
SF1580-02030-42,GREEN,42,3,6211 SUIT,SF1580,230,02030
SF1580-02030-46,GREEN,46,1,6211 SUIT,SF1580,230,02030
SF1580-01002-42,WHITE,42,1,6211 SUIT,SF1580,OFF,01002
SF1580-02030-46,WHITE,46,1,6211 SUIT,SF1580,OFF,02030
SF1582-04025-38,BLUE,38,1,6211 SUIT,SF1582,425,04025
SF1582-04025-46,BLUE,46,1,6211 SUIT,SF1582,425,04025
SF1582-05006-38,GREEN,38,1,6211 SUIT,SF1582,874,05006
SF1582-05006-46,GREEN,46,1,6211 SUIT,SF1582,874,05006
SF1582-04025-38,RANI,38,1,6211 SUIT,SF1582,425,04025
SF1582-04025-40,RANI,40,2,6211 SUIT,SF1582,425,04025
SF1582-04025-42,RANI,42,1,6211 SUIT,SF1582,425,04025
SF1582-03039-38,BEIGE,38,2,6211 SUIT,SF1582,845,03039
SF1582-03039-38,PEACH,38,1,6211 SUIT,SF1582,845,03039
SF1583-04024-42,BLUE,42,1,6211 SUIT,SF1583,424,04024
SF1583-04024-38,GREEN,38,1,6211 SUIT,SF1583,424,04024
SF1583-04024-40,RANI,40,1,6211 SUIT,SF1583,424,04024
SF1583-03038-38,MOVE,38,1,6211 SUIT,SF1583,844,03038
SF1583-03038-42,MOVE,42,2,6211 SUIT,SF1583,844,03038
SF1583-03038-44,MOVE,44,1,6211 SUIT,SF1583,844,03038
SF1583-T.B46-46,T.BLUE,46,1,6211 SUIT,SF1583,,
SF1587-02040-38,GREEN,38,2,6211 SUIT,SF1587,024,02040
SF1587-02040-42,GREEN,42,3,6211 SUIT,SF1587,024,02040
SF1587-02040-42,WHITE,42,1,6211 SUIT,SF1587,OFF,02040
SF1593,,,1,6211 SUIT,SF1587,,
SF1587-01001-42,PURPLE,42,1,6211 SUIT,SF1587,101,01001
SF1596-02030-38,GREY,38,1,6211 SUIT,SF1596,230,02030
SF1596-02030-42,GREY,42,1,6211 SUIT,SF1596,230,02030
SF1598,,,1,6211 SUIT,SF1596,,
SF1596-01001-42,GREEN,42,1,6211 SUIT,SF1596,101,01001
SF1600-03011-38,GOLD,38,1,6211 SUIT,SF1600,03,03011
SF1600-03011-42,GOLD,42,8,6211 SUIT,SF1600,03,03011
SF1600-01001-42,GOLD,42,1,6211 SUIT,SF1600,101,01001
SF1602-03010-38,BEIGE,38,1,6211 SUIT,SF1602,031,03010
SF1602-02002-38,BEIGE,38,1,6211 SUIT,SF1602,202,02002
SF1602-03010-40,BEIGE,40,2,6211 SUIT,SF1602,031,03010
SF1602-02002-40,BEIGE,40,1,6211 SUIT,SF1602,202,02002
SF1602-03010-42,BEIGE,42,1,6211 SUIT,SF1602,031,03010
SF1602-03010-44,BEIGE,44,2,6211 SUIT,SF1602,031,03010
SF1603,,,1,6211 SUIT,SF1602,,
SF1602-01002-42,BEIGE,42,1,6211 SUIT,SF1602,012,01002
SF1605-02020-42,YELLOW,42,1,6211 SUIT,SF1605,02,02020
SF1605-02020-38,GREEN,38,1,6211 SUIT,SF1605,02,02020
SF1605-02020-40,GREEN,40,1,6211 SUIT,SF1605,02,02020
SF1605-02020-42,GREEN,42,2,6211 SUIT,SF1605,02,02020
SF1605-02020-38,ONION,38,2,6211 SUIT,SF1605,02,02020
SF1605-02020-40,ONION,40,1,6211 SUIT,SF1605,02,02020
SF1605-02020-42,ONION,42,2,6211 SUIT,SF1605,02,02020
SF1605-01003-42,ONION,42,1,6211 SUIT,SF1605,103,01003
SF1606-02030-38,PURPLE,38,1,6211 SUIT,SF1606,230,02030
SF1607-01021-42,ONION,42,1,6211 SUIT,SF1607,121,01021
SF1607-01021-38,WHITE,38,1,6211 SUIT,SF1607,OFF,01021
SF1607-01021-46,WHITE,46,1,6211 SUIT,SF1607,OFF,01021
SF1608,,,9,6211 SUIT,SF1607,,
SF1607-04024-38,PURPLE,38,1,6211 SUIT,SF1607,424,04024
SF1607-04024-40,PURPLE,40,1,6211 SUIT,SF1607,424,04024
SF1607-04024-42,PURPLE,42,2,6211 SUIT,SF1607,424,04024
SF1607-04024-38,BEIGE,38,1,6211 SUIT,SF1607,424,04024
SF1607-04024-40,BEIGE,40,2,6211 SUIT,SF1607,424,04024
SF1607-04024-42,BEIGE,42,1,6211 SUIT,SF1607,424,04024
SF1607-04024-44,BEIGE,44,1,6211 SUIT,SF1607,424,04024
SF1609,,,1,6211 SUIT,SF1607,,
SF1607-01001-42,PURPLE,42,1,6211 SUIT,SF1607,101,01001
SF1610-06060-38,GREEN,38,2,6211 SUIT,SF1610,660,06060
SF1610-06060-40,GREEN,40,1,6211 SUIT,SF1610,660,06060
SF1610-02008-42,GREEN,42,1,6211 SUIT,SF1610,258,02008
SF1610-06060-42,GREEN,42,6,6211 SUIT,SF1610,660,06060
SF1610-06060-44,GREEN,44,2,6211 SUIT,SF1610,660,06060
SF1610-06060-46,GREEN,46,4,6211 SUIT,SF1610,660,06060
SF1610-06060-50,GREEN,50,1,6211 SUIT,SF1610,660,06060
SF1610-06060-38,PEACH,38,2,6211 SUIT,SF1610,660,06060
SF1610-06060-40,PEACH,40,1,6211 SUIT,SF1610,660,06060
SF1610-06060-42,PEACH,42,2,6211 SUIT,SF1610,660,06060
SF1610-06060-46,PEACH,46,3,6211 SUIT,SF1610,660,06060
SF1610-06060-38,T.BLUE,38,3,6211 SUIT,SF1610,660,06060
SF1610-06060-42,T.BLUE,42,1,6211 SUIT,SF1610,660,06060
SF1610-06060-46,T.BLUE,46,1,6211 SUIT,SF1610,660,06060
SF1612,,,11,6211 SUIT,SF1610,,
SF1610-03012-38,PURPLE,38,3,6211 SUIT,SF1610,565,03012
SF1610-03012-40,PURPLE,40,3,6211 SUIT,SF1610,565,03012
SF1610-02002-42,PURPLE,42,1,6211 SUIT,SF1610,202,02002
SF1610-03012-42,PURPLE,42,4,6211 SUIT,SF1610,565,03012
SF1613-03010-38,GREEN,38,3,6211 SUIT,SF1613,031,03010
SF1613-02003-38,GREEN,38,1,6211 SUIT,SF1613,203,02003
SF1613-03010-40,GREEN,40,5,6211 SUIT,SF1613,031,03010
SF1613-02003-40,GREEN,40,1,6211 SUIT,SF1613,203,02003
SF1613-02003-42,GREEN,42,1,6211 SUIT,SF1613,203,02003
SF1614-01001-42,GREEN,42,1,6211 SUIT,SF1614,101,01001
SF1615-02038-42,YELLOW,42,1,6211 SUIT,SF1615,238,02038
SF1617-05090-38,BLUE,38,3,6211 SUIT,SF1617,059,05090
SF1617-06060-38,BLUE,38,5,6211 SUIT,SF1617,660,06060
SF1617-06060-40,BLUE,40,1,6211 SUIT,SF1617,660,06060
SF1617-05090-42,BLUE,42,2,6211 SUIT,SF1617,059,05090
SF1617-06060-42,BLUE,42,7,6211 SUIT,SF1617,660,06060
SF1617-03030-44,BLUE,44,1,6211 SUIT,SF1617,033,03030
SF1617-05090-46,BLUE,46,6,6211 SUIT,SF1617,059,05090
SF1617-05090-38,PURPLE,38,6,6211 SUIT,SF1617,059,05090
SF1617-05090-40,PURPLE,40,2,6211 SUIT,SF1617,059,05090
SF1617-05090-42,PURPLE,42,5,6211 SUIT,SF1617,059,05090
SF1617-05090-44,PURPLE,44,2,6211 SUIT,SF1617,059,05090
SF1617-05090-46,PURPLE,46,3,6211 SUIT,SF1617,059,05090
00742,,,1,6211 SUIT,SF1617,,
00746,,,1,6211 SUIT,SF1617,,
SF1617-06060-38,RANI,38,3,6211 SUIT,SF1617,660,06060
SF1617-06060-42,RANI,42,4,6211 SUIT,SF1617,660,06060
SF1617-05090-46,RANI,46,1,6211 SUIT,SF1617,059,05090
SF1617-06060-46,RANI,46,1,6211 SUIT,SF1617,660,06060
SF1617-06060-38,WHITE,38,1,6211 SUIT,SF1617,OFF,06060
SF1617-06060-40,WHITE,40,1,6211 SUIT,SF1617,OFF,06060
SF1617-06060-42,WHITE,42,8,6211 SUIT,SF1617,OFF,06060
SF1617-05090-44,WHITE,44,1,6211 SUIT,SF1617,OFF,05090
SF1617-05090-46,WHITE,46,1,6211 SUIT,SF1617,OFF,05090
SF1617-06060-46,WHITE,46,4,6211 SUIT,SF1617,OFF,06060
SF1617-04-46,MOVE,46,1,6211 SUIT,SF1617,,
MOU38,,,1,6211 SUIT,SF1617,,
T.B38,,,1,6211 SUIT,SF1617,,
SF1617-06060-38,T.BLUE,38,6,6211 SUIT,SF1617,660,06060
SF1617-03030-40,T.BLUE,40,1,6211 SUIT,SF1617,033,03030
T.B40,,,1,6211 SUIT,SF1617,,
SF1617-06060-40,T.BLUE,40,1,6211 SUIT,SF1617,660,06060
SF1617-06060-42,T.BLUE,42,6,6211 SUIT,SF1617,660,06060
SF1617-06060-44,T.BLUE,44,1,6211 SUIT,SF1617,660,06060
SF1617-06060-46,T.BLUE,46,5,6211 SUIT,SF1617,660,06060
SF1620,,,3,6211 SUIT,SF1617,,
00342,,,1,6211 SUIT,SF1617,,
00344,,,1,6211 SUIT,SF1617,,
SF1617-06039-44,GOLD,44,1,6211 SUIT,SF1617,ROSE,06039
SF1621-00242-42,BLUE,42,1,6211 SUIT,SF1621,,
SF1621-03015-42,RANI,42,1,6211 SUIT,SF1621,315,03015
SF1621-02002-38,GREY,38,1,6211 SUIT,SF1621,202,02002
SF1621-03015-38,GREY,38,1,6211 SUIT,SF1621,315,03015
SF1621-03015-42,GREY,42,1,6211 SUIT,SF1621,315,03015
SF1624-01001-42,PURPLE,42,1,6211 SUIT,SF1624,101,01001
00738,,,2,6211 SUIT,SF1625,,
00740,,,1,6211 SUIT,SF1625,,
00742,,,4,6211 SUIT,SF1625,,
00746,,,4,6211 SUIT,SF1625,,
00750,,,1,6211 SUIT,SF1625,,
03338,,,2,6211 SUIT,SF1625,,
03342,,,1,6211 SUIT,SF1625,,
SF1625-04045-38,T.BLUE,38,1,6211 SUIT,SF1625,445,04045
SF1627-08092-38,GREEN,38,2,6211 SUIT,SF1627,998,08092
00740,,,1,6211 SUIT,SF1627,,
SF1627-08092-40,GREEN,40,1,6211 SUIT,SF1627,998,08092
00742,,,3,6211 SUIT,SF1627,,
00744,,,1,6211 SUIT,SF1627,,
03338,,,3,6211 SUIT,SF1627,,
03340,,,1,6211 SUIT,SF1627,,
03342,,,5,6211 SUIT,SF1627,,
03344,,,1,6211 SUIT,SF1627,,
03346,,,1,6211 SUIT,SF1627,,
T.B40,,,1,6211 SUIT,SF1627,,
T.B42,,,3,6211 SUIT,SF1627,,
T.B44,,,1,6211 SUIT,SF1627,,
T.B46,,,3,6211 SUIT,SF1627,,
SF1629-01738-38,BEIGE,38,1,6211 SUIT,SF1629,,
SF1631,,,1,6211 SUIT,SF1629,,
SF1629-01001-42,BEIGE,42,1,6211 SUIT,SF1629,101,01001
01738,,,1,6211 SUIT,SF1633,,
SF1633-07050-38,BEIGE,38,1,6211 SUIT,SF1633,985,07050
SF1633-01742-42,BEIGE,42,1,6211 SUIT,SF1633,,
01742,,,2,6211 SUIT,SF1633,,
SF1633-07050-42,BEIGE,42,1,6211 SUIT,SF1633,985,07050
01746,,,2,6211 SUIT,SF1633,,
SF1633-10064-46,MOVE,46,1,6211 SUIT,SF1633,40Z,10064
SF1633-07050-38,LEMON,38,1,6211 SUIT,SF1633,985,07050
LMN42,,,1,6211 SUIT,SF1633,,
LMN46,,,4,6211 SUIT,SF1633,,
SF1633-02002-42,T.BLUE,42,1,6211 SUIT,SF1633,202,02002
00742,,,3,6211 SUIT,SF1634,,
00744,,,2,6211 SUIT,SF1634,,
00746,,,2,6211 SUIT,SF1634,,
00750,,,1,6211 SUIT,SF1634,,
SF1634-07054-38,MOVE,38,3,6211 SUIT,SF1634,+99,07054
SF1634-06135-38,MOVE,38,2,6211 SUIT,SF1634,9+9,06135
SF1634-07054-40,MOVE,40,2,6211 SUIT,SF1634,+99,07054
SF1634-06135-40,MOVE,40,2,6211 SUIT,SF1634,9+9,06135
SF1634-07054-42,MOVE,42,5,6211 SUIT,SF1634,+99,07054
SF1634-07054-44,MOVE,44,2,6211 SUIT,SF1634,+99,07054
SF1634-06135-44,MOVE,44,2,6211 SUIT,SF1634,9+9,06135
SF1634-07054-46,MOVE,46,4,6211 SUIT,SF1634,+99,07054
ORA38,,,2,6211 SUIT,SF1634,,
ORA40,,,1,6211 SUIT,SF1634,,
ORA42,,,4,6211 SUIT,SF1634,,
ORA44,,,2,6211 SUIT,SF1634,,
ORA46,,,2,6211 SUIT,SF1634,,
SF1635,,,1,6211 SUIT,SF1634,,
SF1634-03001-42,BEIGE,42,1,6211 SUIT,SF1634,301,03001
SF1636-06040-38,PURPLE,38,1,6211 SUIT,SF1636,604,06040
SF1636-03021-46,PURPLE,46,1,6211 SUIT,SF1636,321,03021
SF1636-07030-38,GREEN,38,10,6211 SUIT,SF1636,134,07030
SF1636-06040-38,GREEN,38,1,6211 SUIT,SF1636,604,06040
SF1636-07030-40,GREEN,40,9,6211 SUIT,SF1636,134,07030
SF1636-07030-42,GREEN,42,8,6211 SUIT,SF1636,134,07030
SF1636-06040-42,GREEN,42,1,6211 SUIT,SF1636,604,06040
SF1636-07030-44,GREEN,44,2,6211 SUIT,SF1636,134,07030
SF1636-06040-46,GREEN,46,1,6211 SUIT,SF1636,604,06040
SF1636-06040-40,MOVE,40,1,6211 SUIT,SF1636,604,06040
SF1636-06040-42,MOVE,42,1,6211 SUIT,SF1636,604,06040
SF1636-06040-44,MOVE,44,1,6211 SUIT,SF1636,604,06040
SF1636-06040-46,MOVE,46,3,6211 SUIT,SF1636,604,06040
SF1636-06040-50,MOVE,50,1,6211 SUIT,SF1636,604,06040
SF1638,,,4,6211 SUIT,SF1636,,
SF1636-03030-38,PURPLE,38,1,6211 SUIT,SF1636,033,03030
SF1636-02004-38,GREEN,38,1,6211 SUIT,SF1636,204,02004
SF1636-01001-42,WHITE,42,1,6211 SUIT,SF1636,OFF,01001
SF1636-02004-38,T.BLUE,38,1,6211 SUIT,SF1636,204,02004
SF1640,,,1,6211 SUIT,SF1636,,
SF1636-01001-42,T.BLUE,42,1,6211 SUIT,SF1636,101,01001
SF1641,,,4,6211 SUIT,SF1636,,
SF1636-05044-42,GREEN,42,1,6211 SUIT,SF1636,450,05044
SF1636-05044-46,GREEN,46,2,6211 SUIT,SF1636,450,05044
SF1636-05044-46,BEIGE,46,1,6211 SUIT,SF1636,450,05044
SF1644,,,3,6211 SUIT,SF1636,,
SF1636-05019-44,PURPLE,44,1,6211 SUIT,SF1636,905,05019
SF1636-05019-50,PURPLE,50,1,6211 SUIT,SF1636,905,05019
SF1636-05019-42,MOVE,42,1,6211 SUIT,SF1636,905,05019
SF1645,,,1,6211 SUIT,SF1636,,
SF1636-01002-42,WHITE,42,1,6211 SUIT,SF1636,OFF,01002
SF1648,,,1,6211 SUIT,SF1636,,
SF1636-00644-44,MUSTARD,44,1,6211 SUIT,SF1636,,
SF1650-06071-38,MUSTARD,38,2,6211 SUIT,SF1650,060,06071
SF1650-06071-42,MUSTARD,42,1,6211 SUIT,SF1650,060,06071
SF1650-06071-46,MUSTARD,46,3,6211 SUIT,SF1650,060,06071
SF1650-06071-40,GREEN,40,1,6211 SUIT,SF1650,060,06071
SF1650-06071-42,GREEN,42,5,6211 SUIT,SF1650,060,06071
SF1650-06071-46,GREEN,46,5,6211 SUIT,SF1650,060,06071
SF1650-00750-50,GREEN,50,1,6211 SUIT,SF1650,,
03338,,,2,6211 SUIT,SF1650,,
03342,,,1,6211 SUIT,SF1650,,
03346,,,1,6211 SUIT,SF1650,,
T.B38,,,1,6211 SUIT,SF1650,,
SF1650-06071-38,T.BLUE,38,1,6211 SUIT,SF1650,060,06071
T.B40,,,1,6211 SUIT,SF1650,,
T.B46,,,2,6211 SUIT,SF1650,,
SF1652,,,2,6211 SUIT,SF1650,,
SF1650-02003-42,BLUE,42,1,6211 SUIT,SF1650,203,02003
SF1650-02003-44,WHITE,44,1,6211 SUIT,SF1650,OFF,02003
SF1653-02012-38,GREEN,38,1,6211 SUIT,SF1653,022,02012
SF1653-02012-40,GREEN,40,1,6211 SUIT,SF1653,022,02012
SF1653-02012-42,GREEN,42,1,6211 SUIT,SF1653,022,02012
SF1653-02012-38,RANI,38,1,6211 SUIT,SF1653,022,02012
SF1653-02012-40,RANI,40,1,6211 SUIT,SF1653,022,02012
SF1653-02012-42,RANI,42,1,6211 SUIT,SF1653,022,02012
SF1653-02012-38,GREY,38,1,6211 SUIT,SF1653,022,02012
SF1653-02012-40,GREY,40,1,6211 SUIT,SF1653,022,02012
SF1653-02012-44,GREY,44,1,6211 SUIT,SF1653,022,02012
SF1655,,,2,6211 SUIT,SF1653,,
SF1653-02001-42,BLUE,42,1,6211 SUIT,SF1653,201,02001
SF1653-01001-42,WHITE,42,1,6211 SUIT,SF1653,OFF,01001
SF1657,,,5,6211 SUIT,SF1653,,
SF1653-03040-38,GREEN,38,1,6211 SUIT,SF1653,340,03040
SF1653-03040-42,GREEN,42,3,6211 SUIT,SF1653,340,03040
SF1653-03040-44,ONION,44,1,6211 SUIT,SF1653,340,03040
SF1661-01001-42,GREEN,42,1,6211 SUIT,SF1661,101,01001
SF1662-06060-38,PURPLE,38,1,6211 SUIT,SF1662,660,06060
SF1662-06060-40,PURPLE,40,1,6211 SUIT,SF1662,660,06060
SF1662-06060-40,GREEN,40,2,6211 SUIT,SF1662,660,06060
SF1662-06060-42,GREEN,42,3,6211 SUIT,SF1662,660,06060
SF1662-05090-50,GREEN,50,2,6211 SUIT,SF1662,059,05090
SF1662-02002-46,WHITE,46,1,6211 SUIT,SF1662,OFF,02002
SF1663,,,1,6211 SUIT,SF1662,,
SF1662-01001-42,BLUE,42,1,6211 SUIT,SF1662,101,01001
SF1668-01001-42,WHITE,42,1,6211 SUIT,SF1668,OFF,01001
SF1669-02030-38,GREEN,38,3,6211 SUIT,SF1669,230,02030
SF1669-03074-40,GREEN,40,1,6211 SUIT,SF1669,374,03074
SF1669-02030-42,GREEN,42,4,6211 SUIT,SF1669,230,02030
SF1669-02030-44,GREEN,44,1,6211 SUIT,SF1669,230,02030
SF1669-02030-42,MOVE,42,3,6211 SUIT,SF1669,230,02030
SF1669-03074-44,MOVE,44,2,6211 SUIT,SF1669,374,03074
SF1669-03074-46,MOVE,46,1,6211 SUIT,SF1669,374,03074
SF1669-02030-38,T.BLUE,38,2,6211 SUIT,SF1669,230,02030
SF1669-02030-40,T.BLUE,40,3,6211 SUIT,SF1669,230,02030
SF1669-02030-42,T.BLUE,42,8,6211 SUIT,SF1669,230,02030
SF1669-03074-44,T.BLUE,44,1,6211 SUIT,SF1669,374,03074
SF1669-03074-46,T.BLUE,46,6,6211 SUIT,SF1669,374,03074
00742,,,7,6211 SUIT,SF1670,,
01542,,,2,6211 SUIT,SF1670,,
SF1671,,,19,6211 SUIT,SF1670,,
00738,,,1,6211 SUIT,SF1670,,
00746,,,3,6211 SUIT,SF1670,,
LMN38,,,2,6211 SUIT,SF1670,,
LMN42,,,5,6211 SUIT,SF1670,,
LMN46,,,2,6211 SUIT,SF1670,,
SF1672,,,2,6211 SUIT,SF1670,,
SF1670-01001-42,GREEN,42,2,6211 SUIT,SF1670,101,01001
SF1670-02001-42,ONION,42,1,6211 SUIT,SF1670,201,02001
SF1674,,,1,6211 SUIT,SF1670,,
SF1682,,,1,6211 SUIT,SF1670,,
SF1670-01001-42,F.BLUE,42,1,6211 SUIT,SF1670,101,01001
SF1686,,,10,6211 SUIT,SF1670,,
SF1670-02003-42,BLUE,42,1,6211 SUIT,SF1670,203,02003
SF1670-04090-38,PURPLE,38,1,6211 SUIT,SF1670,490,04090
SF1670-04090-40,PURPLE,40,1,6211 SUIT,SF1670,490,04090
SF1670-04090-42,PURPLE,42,2,6211 SUIT,SF1670,490,04090
SF1670-04090-46,PURPLE,46,2,6211 SUIT,SF1670,490,04090
SF1670-04090-38,GREEN,38,2,6211 SUIT,SF1670,490,04090
SF1670-02003-42,T.BLUE,42,1,6211 SUIT,SF1670,203,02003
SF1688-02060-42,GREEN,42,2,6211 SUIT,SF1688,026,02060
SF1688-02060-42,T.BLUE,42,1,6211 SUIT,SF1688,026,02060
SF1690-01001-42,T.BLUE,42,1,6211 SUIT,SF1690,101,01001
SF1693-04006-40,GREEN,40,1,6211 SUIT,SF1693,406,04006
SF1693-04006-42,GREEN,42,1,6211 SUIT,SF1693,406,04006
SF1693-01042-42,ONION,42,1,6211 SUIT,SF1693,,
SF1693-03040-38,GREY,38,1,6211 SUIT,SF1693,340,03040
SF1693-01940-40,GREY,40,2,6211 SUIT,SF1693,,
SF1693-03040-40,GREY,40,2,6211 SUIT,SF1693,340,03040
SF1693-01942-42,GREY,42,1,6211 SUIT,SF1693,,
SF1693-02002-42,GREY,42,1,6211 SUIT,SF1693,202,02002
SF1693-01944-44,GREY,44,1,6211 SUIT,SF1693,,
SF1693-03040-44,GREY,44,2,6211 SUIT,SF1693,340,03040
SF1693-04006-40,WHITE,40,1,6211 SUIT,SF1693,OFF,04006
SF1693-04006-42,WHITE,42,1,6211 SUIT,SF1693,OFF,04006
SF1693-03040-38,PEACH,38,1,6211 SUIT,SF1693,340,03040
SF1693-03340-40,PEACH,40,1,6211 SUIT,SF1693,,
SF1693-03342-42,PEACH,42,1,6211 SUIT,SF1693,,
SF1693-03040-42,PEACH,42,1,6211 SUIT,SF1693,340,03040
SF1693-03040-44,PEACH,44,1,6211 SUIT,SF1693,340,03040
SF1693-04006-40,MOVE,40,1,6211 SUIT,SF1693,406,04006
SF1693-04006-42,MOVE,42,1,6211 SUIT,SF1693,406,04006
SF1693-03040-38,LEMON,38,1,6211 SUIT,SF1693,340,03040
SF1693-05090-40,LEMON,40,1,6211 SUIT,SF1693,059,05090
SF1693-05090-46,LEMON,46,1,6211 SUIT,SF1693,059,05090
SF1694-01036-46,WHITE,46,3,6211 SUIT,SF1694,OFF,01036
SF1694-01036-38,MOVE,38,1,6211 SUIT,SF1694,361,01036
SF1694-01036-40,MOVE,40,1,6211 SUIT,SF1694,361,01036
SF1694-01036-42,MOVE,42,3,6211 SUIT,SF1694,361,01036
SF1694-01036-44,MOVE,44,1,6211 SUIT,SF1694,361,01036
SF1694-01036-46,MOVE,46,2,6211 SUIT,SF1694,361,01036
SF1695-02030-42,GREY,42,1,6211 SUIT,SF1695,230,02030
SF1695-02030-38,PEACH,38,1,6211 SUIT,SF1695,230,02030
SF1695-02030-42,PEACH,42,2,6211 SUIT,SF1695,230,02030
SF1695-02030-46,PEACH,46,1,6211 SUIT,SF1695,230,02030
SF1695-02030-38,MOVE,38,1,6211 SUIT,SF1695,230,02030
SF1695-02030-42,MOVE,42,2,6211 SUIT,SF1695,230,02030
SF1696-00542-42,YELLOW,42,1,6211 SUIT,SF1696,,
SF1698-02030-38,GREEN,38,1,6211 SUIT,SF1698,230,02030
SF1698-04047-38,GREEN,38,2,6211 SUIT,SF1698,447,04047
SF1698-04047-40,GREEN,40,3,6211 SUIT,SF1698,447,04047
SF1698-03030-42,GREEN,42,1,6211 SUIT,SF1698,033,03030
SF1698-02030-42,GREEN,42,3,6211 SUIT,SF1698,230,02030
SF1698-04047-42,GREEN,42,1,6211 SUIT,SF1698,447,04047
SF1698-04047-44,GREEN,44,3,6211 SUIT,SF1698,447,04047
SF1698-03030-46,GREEN,46,2,6211 SUIT,SF1698,033,03030
SF1698-02030-46,GREEN,46,2,6211 SUIT,SF1698,230,02030
SF1698-04047-38,PEACH,38,2,6211 SUIT,SF1698,447,04047
SF1698-03030-42,PEACH,42,1,6211 SUIT,SF1698,033,03030
SF1698-02030-42,PEACH,42,1,6211 SUIT,SF1698,230,02030
SF1698-04047-42,PEACH,42,5,6211 SUIT,SF1698,447,04047
SF1698-03030-46,PEACH,46,1,6211 SUIT,SF1698,033,03030
SF1698-02030-46,PEACH,46,1,6211 SUIT,SF1698,230,02030
SF1698-04047-46,PEACH,46,2,6211 SUIT,SF1698,447,04047
SF1698-03030-38,T.BLUE,38,2,6211 SUIT,SF1698,033,03030
SF1698-04047-38,T.BLUE,38,5,6211 SUIT,SF1698,447,04047
SF1698-04047-40,T.BLUE,40,2,6211 SUIT,SF1698,447,04047
SF1698-03030-42,T.BLUE,42,1,6211 SUIT,SF1698,033,03030
SF1698-04047-42,T.BLUE,42,9,6211 SUIT,SF1698,447,04047
SF1698-04047-44,T.BLUE,44,2,6211 SUIT,SF1698,447,04047
SF1698-01060-46,T.BLUE,46,1,6211 SUIT,SF1698,01,01060
SF1698-03030-46,T.BLUE,46,1,6211 SUIT,SF1698,033,03030
SF1698-04047-46,T.BLUE,46,6,6211 SUIT,SF1698,447,04047
00238,,,1,6211 SUIT,SF1701,,
00246,,,4,6211 SUIT,SF1701,,
00738,,,2,6211 SUIT,SF1701,,
00742,,,3,6211 SUIT,SF1701,,
SF1701-03040-46,GREEN,46,1,6211 SUIT,SF1701,340,03040
00942,,,2,6211 SUIT,SF1701,,
00946,,,1,6211 SUIT,SF1701,,
SF1703-01001-42,PURPLE,42,1,6211 SUIT,SF1703,101,01001
SF1704-02001-42,GREEN,42,1,6211 SUIT,SF1704,201,02001
SF1704-03001-42,GAJRI,42,1,6211 SUIT,SF1704,301,03001
SF1706-01001-42,GREEN,42,1,6211 SUIT,SF1706,101,01001
SF1708-02025-38,WHITE,38,4,6211 SUIT,SF1708,OFF,02025
SF1708-02025-40,WHITE,40,1,6211 SUIT,SF1708,OFF,02025
SF1708-02025-42,WHITE,42,7,6211 SUIT,SF1708,OFF,02025
SF1708-02025-44,WHITE,44,1,6211 SUIT,SF1708,OFF,02025
SF1708-02025-46,WHITE,46,4,6211 SUIT,SF1708,OFF,02025
SF1708-02025-38,T.BLUE,38,1,6211 SUIT,SF1708,225,02025
SF1708-02025-42,T.BLUE,42,2,6211 SUIT,SF1708,225,02025
SF1708-02025-46,T.BLUE,46,2,6211 SUIT,SF1708,225,02025
SF1711-01001-42,ONION,42,1,6211 SUIT,SF1711,101,01001
SF1712-01001-42,LEMON,42,1,6211 SUIT,SF1712,101,01001
SF1715-02034-42,GREEN,42,3,6211 SUIT,SF1715,468,02034
SF1715-02034-40,WINE,40,1,6211 SUIT,SF1715,468,02034
SF1715-02034-46,WINE,46,1,6211 SUIT,SF1715,468,02034
SF1715-02034-46,FIROZI,46,1,6211 SUIT,SF1715,468,02034
SF1716-01001-42,RED,42,1,6211 SUIT,SF1716,101,01001
SF1718-02060-38,BLUE,38,1,6211 SUIT,SF1718,026,02060
SF1721-01001-42,RANI,42,1,6211 SUIT,SF1721,101,01001
SF1722-01001-42,RANI,42,1,6211 SUIT,SF1722,101,01001
SF1725-01001-42,RANI,42,1,6211 SUIT,SF1725,101,01001
SF1726-04100-38,BLUE,38,5,6211 SUIT,SF1726,004,04100
SF1726-04100-40,BLUE,40,2,6211 SUIT,SF1726,004,04100
SF1726-04100-42,BLUE,42,4,6211 SUIT,SF1726,004,04100
SF1726-04100-44,BLUE,44,2,6211 SUIT,SF1726,004,04100
SF1726-04100-46,BLUE,46,5,6211 SUIT,SF1726,004,04100
SF1726-04100-38,PURPLE,38,1,6211 SUIT,SF1726,004,04100
SF1726-04100-40,PURPLE,40,2,6211 SUIT,SF1726,004,04100
SF1726-04100-42,PURPLE,42,2,6211 SUIT,SF1726,004,04100
SF1726-04100-44,PURPLE,44,2,6211 SUIT,SF1726,004,04100
SF1726-04100-46,PURPLE,46,2,6211 SUIT,SF1726,004,04100
SF1726-04100-38,WHITE,38,8,6211 SUIT,SF1726,OFF,04100
SF1726-04100-40,WHITE,40,3,6211 SUIT,SF1726,OFF,04100
SF1726-04100-42,WHITE,42,14,6211 SUIT,SF1726,OFF,04100
02042,,,1,6211 SUIT,SF1726,,
SF1726-04100-44,WHITE,44,3,6211 SUIT,SF1726,OFF,04100
SF1726-02046-46,WHITE,46,1,6211 SUIT,SF1726,,
SF1726-04100-46,WHITE,46,8,6211 SUIT,SF1726,OFF,04100
02046,,,2,6211 SUIT,SF1726,,
SF1729-02017-42,GREEN,42,1,6211 SUIT,SF1729,217,02017
SF1729-01001-42,BROWN,42,1,6211 SUIT,SF1729,101,01001
SF1729-03045-38,WINE,38,1,6211 SUIT,SF1729,345,03045
SF1731-02011-38,BLUE,38,2,6211 SUIT,SF1731,102,02011
SF1731-02011-40,BLUE,40,3,6211 SUIT,SF1731,102,02011
SF1731-01001-42,BLUE,42,1,6211 SUIT,SF1731,101,01001
SF1731-02011-42,BLUE,42,2,6211 SUIT,SF1731,102,02011
SF1731-03001-42,BLUE,42,1,6211 SUIT,SF1731,301,03001
SF1731-02011-44,BLUE,44,1,6211 SUIT,SF1731,102,02011
00138,,,4,6211 SUIT,SF1733,,
SF1733-05049-38,WHITE,38,1,6211 SUIT,SF1733,OFF,05049
SF1733-05049-40,WHITE,40,3,6211 SUIT,SF1733,OFF,05049
02044,,,2,6211 SUIT,SF1733,,
SF1735-01001-42,PURPLE,42,1,6211 SUIT,SF1735,101,01001
SF1737-01001-38,GREEN,38,1,6211 SUIT,SF1737,101,01001
SF1738-06045-38,GREEN,38,1,6211 SUIT,SF1738,645,06045
SF1738-05139-38,GREEN,38,2,6211 SUIT,SF1738,951,05139
SF1738-05139-40,GREEN,40,1,6211 SUIT,SF1738,951,05139
SF1738-05139-42,GREEN,42,1,6211 SUIT,SF1738,951,05139
SF1738-05139-44,PINK,44,1,6211 SUIT,SF1738,951,05139
SF1738-05139-46,PINK,46,1,6211 SUIT,SF1738,951,05139
SF1738-06045-38,WHITE,38,4,6211 SUIT,SF1738,OFF,06045
SF1738-05139-38,WHITE,38,3,6211 SUIT,SF1738,OFF,05139
SF1738-06045-40,WHITE,40,1,6211 SUIT,SF1738,OFF,06045
SF1738-05139-40,WHITE,40,1,6211 SUIT,SF1738,OFF,05139
SF1738-06045-42,WHITE,42,2,6211 SUIT,SF1738,OFF,06045
SF1738-06045-44,WHITE,44,2,6211 SUIT,SF1738,OFF,06045
SF1738-06045-46,WHITE,46,8,6211 SUIT,SF1738,OFF,06045
SF1738-05139-46,WHITE,46,1,6211 SUIT,SF1738,OFF,05139
SF1741-06080-38,PURPLE,38,6,6211 SUIT,SF1741,952,06080
SF1741-06080-42,PURPLE,42,4,6211 SUIT,SF1741,952,06080
SF1741-06080-46,PURPLE,46,7,6211 SUIT,SF1741,952,06080
SF1741-06080-40,WHITE,40,1,6211 SUIT,SF1741,OFF,06080
SF1741-06080-46,WHITE,46,1,6211 SUIT,SF1741,OFF,06080
00238,,,2,6211 SUIT,SF1742,,
00240,,,5,6211 SUIT,SF1742,,
00242,,,6,6211 SUIT,SF1742,,
00244,,,5,6211 SUIT,SF1742,,
MOU38,,,1,6211 SUIT,SF1742,,
MOU40,,,2,6211 SUIT,SF1742,,
MOU42,,,4,6211 SUIT,SF1742,,
MOU44,,,3,6211 SUIT,SF1742,,
SF1743-01001-42,GREEN,42,1,6211 SUIT,SF1743,101,01001
SF1744-01001-42,GREY,42,1,6211 SUIT,SF1744,101,01001
SF1745-00438-38,PURPLE,38,3,6211 SUIT,SF1745,,
SF1745-00440-40,PURPLE,40,1,6211 SUIT,SF1745,,
SF1745-00444-44,PURPLE,44,2,6211 SUIT,SF1745,,
SF1745-00446-46,PURPLE,46,4,6211 SUIT,SF1745,,
SF1745-00640-40,MUSTARD,40,1,6211 SUIT,SF1745,,
SF1745-03009-42,MUSTARD,42,2,6211 SUIT,SF1745,309,03009
SF1745-00644-44,MUSTARD,44,1,6211 SUIT,SF1745,,
SF1745-00646-46,MUSTARD,46,4,6211 SUIT,SF1745,,
SF1745-00650-50,MUSTARD,50,1,6211 SUIT,SF1745,,
SF1745-01146-46,RANI,46,2,6211 SUIT,SF1745,,
SF1746-01001-42,MUSTARD,42,1,6211 SUIT,SF1746,101,01001
SF1753-02056-38,GREEN,38,3,6211 SUIT,SF1753,256,02056
SF1753-02056-40,GREEN,40,1,6211 SUIT,SF1753,256,02056
SF1753-02056-42,GREEN,42,2,6211 SUIT,SF1753,256,02056
SF1753-02056-44,GREEN,44,2,6211 SUIT,SF1753,256,02056
SF1753-02056-38,LEMON,38,2,6211 SUIT,SF1753,256,02056
SF1753-02056-40,LEMON,40,1,6211 SUIT,SF1753,256,02056
SF1754-01060-42,PURPLE,42,1,6211 SUIT,SF1754,01,01060
SF1754-01060-38,GREEN,38,1,6211 SUIT,SF1754,01,01060
SF1754-01060-42,GREEN,42,1,6211 SUIT,SF1754,01,01060
SF1754-01060-46,GREEN,46,1,6211 SUIT,SF1754,01,01060
SF1754-01060-38,T.BLUE,38,1,6211 SUIT,SF1754,01,01060
SF1754-01060-42,T.BLUE,42,2,6211 SUIT,SF1754,01,01060
SF1754-01060-46,T.BLUE,46,1,6211 SUIT,SF1754,01,01060
SF1755-02031-38,PURPLE,38,2,6211 SUIT,SF1755,231,02031
SF1755-02031-42,PURPLE,42,6,6211 SUIT,SF1755,231,02031
SF1755-02031-46,PURPLE,46,2,6211 SUIT,SF1755,231,02031
SF1755-02031-38,RANI,38,1,6211 SUIT,SF1755,231,02031
SF1757-06063-50,PURPLE,50,1,6211 SUIT,SF1757,663,06063
SF1757-06063-40,GREEN,40,2,6211 SUIT,SF1757,663,06063
SF1757-06063-42,GREEN,42,1,6211 SUIT,SF1757,663,06063
SF1757-06063-44,GREEN,44,3,6211 SUIT,SF1757,663,06063
SF1757-06063-50,GREEN,50,1,6211 SUIT,SF1757,663,06063
SF1757-02003-42,LEMON,42,1,6211 SUIT,SF1757,203,02003
SF1757-04060-42,LEMON,42,1,6211 SUIT,SF1757,460,04060
SF1757-04060-50,LEMON,50,2,6211 SUIT,SF1757,460,04060
SF1758-03060-38,PURPLE,38,5,6211 SUIT,SF1758,360,03060
SF1758-03060-40,PURPLE,40,2,6211 SUIT,SF1758,360,03060
SF1758-03060-42,PURPLE,42,6,6211 SUIT,SF1758,360,03060
SF1758-03060-44,PURPLE,44,2,6211 SUIT,SF1758,360,03060
SF1758-03060-46,PURPLE,46,4,6211 SUIT,SF1758,360,03060
SF1758-03060-38,GREEN,38,4,6211 SUIT,SF1758,360,03060
SF1758-03060-40,GREEN,40,2,6211 SUIT,SF1758,360,03060
SF1758-03060-42,GREEN,42,7,6211 SUIT,SF1758,360,03060
SF1758-03060-44,GREEN,44,2,6211 SUIT,SF1758,360,03060
SF1758-03060-46,GREEN,46,5,6211 SUIT,SF1758,360,03060
SF1758-01001-42,WHITE,42,1,6211 SUIT,SF1758,OFF,01001
SF1758-03060-38,MOVE,38,2,6211 SUIT,SF1758,360,03060
SF1758-03060-40,MOVE,40,2,6211 SUIT,SF1758,360,03060
SF1758-03060-42,MOVE,42,5,6211 SUIT,SF1758,360,03060
SF1758-03060-44,MOVE,44,1,6211 SUIT,SF1758,360,03060
SF1758-03060-46,MOVE,46,2,6211 SUIT,SF1758,360,03060
SF1764-01001-42,ONION,42,1,6211 SUIT,SF1764,101,01001
SF1766-00244-44,BLUE,44,1,6211 SUIT,SF1766,,
SF1766-00246-46,BLUE,46,1,6211 SUIT,SF1766,,
SF1766-00342-42,RED,42,1,6211 SUIT,SF1766,,
SF1766-00344-44,RED,44,1,6211 SUIT,SF1766,,
SF1766-00438-38,PURPLE,38,1,6211 SUIT,SF1766,,
SF1766-00440-40,PURPLE,40,1,6211 SUIT,SF1766,,
SF1766-00442-42,PURPLE,42,3,6211 SUIT,SF1766,,
SF1766-00444-44,PURPLE,44,2,6211 SUIT,SF1766,,
SF1768-02002-42,BLUE,42,1,6211 SUIT,SF1768,202,02002
SF1769-00638-38,MUSTARD,38,1,6211 SUIT,SF1769,,
SF1769-00642-42,MUSTARD,42,1,6211 SUIT,SF1769,,
SF1769-01030-38,GREEN,38,1,6211 SUIT,SF1769,013,01030
SF1772-02030-44,GREEN,44,1,6211 SUIT,SF1772,230,02030
SF1772-03059-46,GREEN,46,1,6211 SUIT,SF1772,888,03059
SF1773-01063-38,YELLOW,38,1,6211 SUIT,SF1773,546,01063
SF1773-01063-40,YELLOW,40,1,6211 SUIT,SF1773,546,01063
SF1773-01063-42,YELLOW,42,2,6211 SUIT,SF1773,546,01063
SF1773-01063-38,GREEN,38,1,6211 SUIT,SF1773,546,01063
SF1773-01063-40,GREEN,40,1,6211 SUIT,SF1773,546,01063
SF1773-01063-42,GREEN,42,3,6211 SUIT,SF1773,546,01063
SF1773-01063-44,GREEN,44,1,6211 SUIT,SF1773,546,01063
SF1773-01063-46,GREEN,46,2,6211 SUIT,SF1773,546,01063
SF1773-01063-38,PEACH,38,1,6211 SUIT,SF1773,546,01063
SF1773-01063-42,PEACH,42,2,6211 SUIT,SF1773,546,01063
SF1773-01063-46,PEACH,46,1,6211 SUIT,SF1773,546,01063
SF1773-01063-42,LEMON,42,1,6211 SUIT,SF1773,546,01063
SF1775-01060-38,RED,38,2,6211 SUIT,SF1775,01,01060
SF1775-01060-40,RED,40,1,6211 SUIT,SF1775,01,01060
SF1775-01060-46,RED,46,2,6211 SUIT,SF1775,01,01060
SF1775-01060-46,BEIGE,46,2,6211 SUIT,SF1775,01,01060
01038,,,1,6211 SUIT,SF1777,,
01042,,,1,6211 SUIT,SF1777,,
02038,,,1,6211 SUIT,SF1777,,
SF1777-01103-38,MOVE,38,2,6211 SUIT,SF1777,3+6,01103
SF1780-03060-38,BLUE,38,3,6211 SUIT,SF1780,360,03060
SF1780-03060-42,BLUE,42,3,6211 SUIT,SF1780,360,03060
SF1780-02001-46,BLUE,46,1,6211 SUIT,SF1780,201,02001
SF1780-03060-46,BLUE,46,1,6211 SUIT,SF1780,360,03060
SF1780-03060-38,PURPLE,38,1,6211 SUIT,SF1780,360,03060
SF1780-03060-40,PURPLE,40,2,6211 SUIT,SF1780,360,03060
SF1780-03060-44,PURPLE,44,1,6211 SUIT,SF1780,360,03060
SF1780-03060-38,WHITE,38,3,6211 SUIT,SF1780,OFF,03060
SF1780-05002-42,WHITE,42,1,6211 SUIT,SF1780,OFF,05002
SF1780-03060-42,WHITE,42,1,6211 SUIT,SF1780,OFF,03060
SF1780-04002-46,WHITE,46,1,6211 SUIT,SF1780,OFF,04002
SF1783-01080-42,BLUE,42,1,6211 SUIT,SF1783,955,01080
SF1783-01080-44,BLUE,44,1,6211 SUIT,SF1783,955,01080
SF1783-01080-38,GREEN,38,2,6211 SUIT,SF1783,955,01080
SF1783-01080-40,GREEN,40,1,6211 SUIT,SF1783,955,01080
SF1783-01080-42,GREEN,42,6,6211 SUIT,SF1783,955,01080
SF1783-01080-44,GREEN,44,1,6211 SUIT,SF1783,955,01080
SF1783-01080-46,GREEN,46,2,6211 SUIT,SF1783,955,01080
SF1783-01080-42,RANI,42,1,6211 SUIT,SF1783,955,01080
SF1783-01080-44,RANI,44,1,6211 SUIT,SF1783,955,01080
SF1784-01001-42,GREEN,42,1,6211 SUIT,SF1784,101,01001
SF1785-01001-42,ONION,42,1,6211 SUIT,SF1785,101,01001
SF1786-02001-42,MUSTARD,42,1,6211 SUIT,SF1786,201,02001
SF1786-03001-42,MUSTARD,42,1,6211 SUIT,SF1786,301,03001
SF1786-01001-42,MOVE,42,1,6211 SUIT,SF1786,101,01001
SF1793-02093-38,GREY,38,2,6211 SUIT,SF1793,293,02093
SF1793-02093-40,GREY,40,2,6211 SUIT,SF1793,293,02093
SF1793-02093-42,GREY,42,3,6211 SUIT,SF1793,293,02093
SF1793-02093-44,GREY,44,2,6211 SUIT,SF1793,293,02093
SF1793-02093-38,PEACH,38,2,6211 SUIT,SF1793,293,02093
SF1793-02093-40,PEACH,40,2,6211 SUIT,SF1793,293,02093
SF1793-02093-42,PEACH,42,3,6211 SUIT,SF1793,293,02093
SF1793-02093-44,PEACH,44,2,6211 SUIT,SF1793,293,02093
SF1793-02093-38,LEMON,38,2,6211 SUIT,SF1793,293,02093
SF1793-02093-40,LEMON,40,2,6211 SUIT,SF1793,293,02093
SF1793-02093-42,LEMON,42,3,6211 SUIT,SF1793,293,02093
SF1793-02093-44,LEMON,44,2,6211 SUIT,SF1793,293,02093
SF1794-01001-42,MOVE,42,1,6211 SUIT,SF1794,101,01001
SF1798-01001-42,MOVE,42,1,6211 SUIT,SF1798,101,01001
SF1803-02040-38,PEACH,38,4,6211 SUIT,SF1803,024,02040
SF1803-02040-40,PEACH,40,5,6211 SUIT,SF1803,024,02040
SF1803-02040-42,PEACH,42,5,6211 SUIT,SF1803,024,02040
SF1803-02040-44,PEACH,44,5,6211 SUIT,SF1803,024,02040
SF1803-02040-38,LEMON,38,4,6211 SUIT,SF1803,024,02040
SF1803-02040-40,LEMON,40,5,6211 SUIT,SF1803,024,02040
SF1803-02040-42,LEMON,42,5,6211 SUIT,SF1803,024,02040
SF1803-01001-42,LEMON,42,1,6211 SUIT,SF1803,101,01001
SF1803-02040-44,LEMON,44,5,6211 SUIT,SF1803,024,02040
SF1805-01002-42,YELLOW,42,1,6211 SUIT,SF1805,012,01002
00738,,,3,6211 SUIT,SF589B,,
00740,,,1,6211 SUIT,SF589B,,
00742,,,4,6211 SUIT,SF589B,,
00744,,,2,6211 SUIT,SF589B,,
00746,,,2,6211 SUIT,SF589B,,
00750,,,2,6211 SUIT,SF589B,,
01046,,,1,6211 SUIT,SF589B,,
SF589B-29060-42,MOVE,42,1,6211 SUIT,SF589B,09Z,29060
SF589B-29060-44,MOVE,44,1,6211 SUIT,SF589B,09Z,29060
T.B42,,,1,6211 SUIT,SF589B,,
T.B44,,,2,6211 SUIT,SF589B,,
T.B46,,,2,6211 SUIT,SF589B,,
SF676A-007XL-XL,GREEN,XL,1,6211 SUIT,SF676A,,
SF737A-010XL-XL,ONION,XL,3,6211 SUIT,SF737A,,
SF772A-002M-M,BLUE,M,1,6211 SUIT,SF772A,,
SF792A-007M-M,GREEN,M,1,6211 SUIT,SF792A,,
SF857A-002L-L,BLUE,L,2,6211 SUIT,SF857A,,
SF857A-008L-L,BROWN,L,1,6211 SUIT,SF857A,,
SF857A-008M-M,BROWN,M,2,6211 SUIT,SF857A,,
SF857A-010M-M,ONION,M,1,6211 SUIT,SF857A,,
SF899B-007M-M,GREEN,M,1,6211 SUIT,SF899B,,
SF914A-001XL-XL,BLACK,XL,1,6211 SUIT,SF914A,,
SF914A-001XXL-XXL,BLACK,XXL,1,6211 SUIT,SF914A,,
SF914A-007L-L,GREEN,L,1,6211 SUIT,SF914A,,
SF916A-007M-M,GREEN,M,1,6211 SUIT,SF916A,,
SF916A-011M-M,RANI,M,2,6211 SUIT,SF916A,,
SFGS38-008XXL-XXL,BROWN,XXL,1,6211 SUIT,SFGS38,,
SFGS38-020XL-XL,WHITE,XL,1,6211 SUIT,SFGS38,,
00738,,,2,6211 SUIT,SFT191,,
00942,,,1,6211 SUIT,SFT589,,
SFT799-04-XL,MOVE,XL,1,6211 SUIT,SFT799,,
SFT862-01942-42,GREY,42,1,6211 SUIT,SFT862,,
SFT894-20030-42,BLACK,42,1,6211 SUIT,SFT894,243,20030
SFT900-008M-M,BROWN,M,1,6211 SUIT,SFT900,,
SFT934-009L-L,WINE,L,1,6211 SUIT,SFT934,,
SFT948-T.BXXL-XXL,T.BLUE,XXL,1,6211 SUIT,SFT948,,
SFT956-08045-40,WHITE,40,1,6211 SUIT,SFT956,OFF,08045
SFT961-14050-M,BLACK,M,1,6211 SUIT,SFT961,014,14050
SFT961-22045-46,WHITE,46,1,6211 SUIT,SFT961,OFF,22045
02038,,,3,6211 SUIT,SFT980,,
02042,,,2,6211 SUIT,SFT980,,
02046,,,3,6211 SUIT,SFT980,,
SFT986-01060-M,GREEN,M,1,6211 SUIT,SFT986,PISTA,01060
SK1019-04063-42,MOVE,42,1,6211 SUIT,SK1019,586,04063
SK1019-03063-M,MOVE,M,1,6211 SUIT,SK1019,363,03063
SK1019-LMN38-38,LEMON,38,1,6211 SUIT,SK1019,,
SQ0001-01010-44,MUSTARD,44,1,6211 SUIT,SQ0001,475,01010
SQ0002-02021-44,PURPLE,44,1,6211 SUIT,SQ0002,021,02021
SQ0002-02021-38,RANI,38,1,6211 SUIT,SQ0002,021,02021
SQ0003-01001-40,RANI,40,1,6211 SUIT,SQ0003,101,01001
UN0132-00738-38,GREEN,38,1,6211 SUIT,UN0132,,
UN0132-00740-40,GREEN,40,2,6211 SUIT,UN0132,,
UN0132-00742-42,GREEN,42,1,6211 SUIT,UN0132,,
UN0132-00744-44,GREEN,44,1,6211 SUIT,UN0132,,
UN0132-00746-46,GREEN,46,2,6211 SUIT,UN0132,,
UN0132-01042-42,ONION,42,1,6211 SUIT,UN0132,,
UN1161-01040-40,ONION,40,1,6211 SUIT,UN1161,,
UN1161-01046-46,ONION,46,1,6211 SUIT,UN1161,,
UN1195-00642-42,MUSTARD,42,1,6211 SUIT,UN1195,,
UN1195-00650-50,MUSTARD,50,1,6211 SUIT,UN1195,,
UV1233,,,1,6211 SUIT,UN1195,,
UN1195-00742-42,GREEN,42,1,6211 SUIT,UN1195,,
UV1257,,,1,6211 SUIT,UN1195,,
UN1195-01540-40,PINK,40,1,6211 SUIT,UN1195,,
UV1296,,,2,6211 SUIT,UN1195,,
UN1195-04-40,MOVE,40,2,6211 SUIT,UN1195,,
MS17US-010FREE-FREE_SIZE,ONION,FREE_SIZE,1,FINISHED UNSTITCH,MS17US,,
NK118U-01016-FREE_SIZE,BLUE,FREE_SIZE,1,FINISHED UNSTITCH,NK118U,,01016
NK121U-01018-FREE_SIZE,BLUE,FREE_SIZE,1,FINISHED UNSTITCH,NK121U,,01018
NK121U-01018-FREE_SIZE,MUSTARD,FREE_SIZE,3,FINISHED UNSTITCH,NK121U,,01018
NK121U-01018-FREE_SIZE,OFF WHITE,FREE_SIZE,1,FINISHED UNSTITCH,NK121U,,01018
NK131U-01015-FREE_SIZE,GREEN,FREE_SIZE,1,FINISHED UNSTITCH,NK131U,,01015
NK138U-01015-FREE_SIZE,GREEN,FREE_SIZE,1,FINISHED UNSTITCH,NK138U,,01015
NK138U-01015-FREE_SIZE,OFF WHITE,FREE_SIZE,2,FINISHED UNSTITCH,NK138U,,01015
NK143U-01010-FREE_SIZE,T.BLUE,FREE_SIZE,1,FINISHED UNSTITCH,NK143U,,01010
S1161U-28009-FREE_SIZE,GREEN,FREE_SIZE,2,FINISHED UNSTITCH,S1161U,,28009
04,,,1,FINISHED UNSTITCH,S1241U,,
S1311U-02060-FREE_SIZE,GREY,FREE_SIZE,1,FINISHED UNSTITCH,S1311U,,02060
S1320U-03060-FREE_SIZE,RED,FREE_SIZE,1,FINISHED UNSTITCH,S1320U,,03060
S1448U-04042-FREE_SIZE,ONION,FREE_SIZE,2,FINISHED UNSTITCH,S1448U,,04042
04,,,1,FINISHED UNSTITCH,S1448U,,
S1448U-04042-FREE_SIZE,LEMON,FREE_SIZE,1,FINISHED UNSTITCH,S1448U,,04042
S1471U-06006-FREE_SIZE,GREEN,FREE_SIZE,1,FINISHED UNSTITCH,S1471U,,06006
S1488U-09007-FREE_SIZE,GREEN,FREE_SIZE,1,FINISHED UNSTITCH,S1488U,,09007
S1488U-07009-FREE_SIZE,ONION,FREE_SIZE,1,FINISHED UNSTITCH,S1488U,,07009
S1488U-09007-FREE_SIZE,ONION,FREE_SIZE,1,FINISHED UNSTITCH,S1488U,,09007
S1489U-08006-FREE_SIZE,PURPLE,FREE_SIZE,1,FINISHED UNSTITCH,S1489U,,08006
S1489U-06060-FREE_SIZE,PURPLE,FREE_SIZE,2,FINISHED UNSTITCH,S1489U,,06060
S1491U-04011-FREE_SIZE,BEIGE,FREE_SIZE,2,FINISHED UNSTITCH,S1491U,,04011
S1491U-04011-FREE_SIZE,MAROON,FREE_SIZE,2,FINISHED UNSTITCH,S1491U,,04011
S1501U-07009-FREE_SIZE,GREEN,FREE_SIZE,1,FINISHED UNSTITCH,S1501U,,07009
S1501U-07009-FREE_SIZE,PEACH,FREE_SIZE,2,FINISHED UNSTITCH,S1501U,,07009
04,,,1,FINISHED UNSTITCH,S1501U,,
S1545U-08045-FREE_SIZE,ONION,FREE_SIZE,1,FINISHED UNSTITCH,S1545U,,08045
04,,,2,FINISHED UNSTITCH,S1545U,,
S1550U-09006-FREE_SIZE,OFF WHITE,FREE_SIZE,1,FINISHED UNSTITCH,S1550U,,09006
S1550U-07060-FREE_SIZE,MOUSE,FREE_SIZE,1,FINISHED UNSTITCH,S1550U,,07060
S1550U-09006-FREE_SIZE,T.BLUE,FREE_SIZE,1,FINISHED UNSTITCH,S1550U,,09006
04,,,1,FINISHED UNSTITCH,S1556U,,
S1561U-06041-FREE_SIZE,ONION,FREE_SIZE,2,FINISHED UNSTITCH,S1561U,,06041
S1563U-09009-FREE_SIZE,PURPLE,FREE_SIZE,1,FINISHED UNSTITCH,S1563U,,09009
S1563U-09009-FREE_SIZE,PEACH,FREE_SIZE,1,FINISHED UNSTITCH,S1563U,,09009
S1606U-02030-FREE_SIZE,BLUE,FREE_SIZE,3,FINISHED UNSTITCH,S1606U,,02030
S1625U-03009-FREE_SIZE,BLUE,FREE_SIZE,1,FINISHED UNSTITCH,S1625U,,03009
S1625U-03009-FREE_SIZE,T.BLUE,FREE_SIZE,1,FINISHED UNSTITCH,S1625U,,03009
S1633U-08006-FREE_SIZE,BEIGE,FREE_SIZE,1,FINISHED UNSTITCH,S1633U,,08006
04,,,2,FINISHED UNSTITCH,S1633U,,
04,,,1,FINISHED UNSTITCH,S1634U,,
04,,,1,FINISHED UNSTITCH,S1642U,,
S1642U-02002-FREE_SIZE,F.BLUE,FREE_SIZE,1,FINISHED UNSTITCH,S1642U,,02002
S1644U-04006-FREE_SIZE,PURPLE,FREE_SIZE,2,FINISHED UNSTITCH,S1644U,,04006
S1644U-04006-FREE_SIZE,GREEN,FREE_SIZE,3,FINISHED UNSTITCH,S1644U,,04006
S1745U-04138-50,PURPLE,50,1,FINISHED UNSTITCH,S1745U,842,04138
SAMPLE-007XXL-XXL,GREEN,XXL,2,FINISHED UNSTITCH,SAMPLE,,
SF1501-06030-44,GREEN,44,1,FINISHED UNSTITCH,SF1501,630,06030
SF1501-06030-46,GREEN,46,1,FINISHED UNSTITCH,SF1501,630,06030
SF1501-05045-38,GAJRI,38,3,FINISHED UNSTITCH,SF1501,550,05045
SF1501-06030-46,MOVE,46,2,FINISHED UNSTITCH,SF1501,630,06030
SF856U-019FREE-FREE_SIZE,GREY,FREE_SIZE,1,FINISHED UNSTITCH,SF856U,,
SF980U-15060-FREE_SIZE,T.BLUE,FREE_SIZE,1,FINISHED UNSTITCH,SF980U,,15060
SF991U-10035-FREE_SIZE,OFF WHITE,FREE_SIZE,2,FINISHED UNSTITCH,SF991U,,10035
